cite,year
10818451,2000.0
10899774,2000.0
11437236,2001.0
11438690,2001.0
11572661,2001.0
115955,1979.0
11595518,2001.0
11607032,2001.0
12595455,2003.0
12642013,2003.0
12819487,2003.0
12851305,2003.0
12861475,2003.0
14633404,2003.0
14675194,2003.0
14730506,2004.0
15073159,2004.0
15616950,2004.0
15639548,2005.0
15757437,2005.0
15829966,2005.0
15950009,2005.0
16049183,2005.0
16111635,2005.0
16123266,2005.0
16166375,2005.0
16267836,2006.0
16358218,2005.0
16551255,2006.0
16751771,2006.0
16807441,2006.0
16818370,2006.0
16859479,2006.0
16875676,2006.0
17172841,2006.0
17463250,2007.0
17594192,2007.0
17881922,2007.0
1791,1975.0
18243101,2008.0
18312365,2008.0
18493136,2008.0
18555777,2008.0
18622706,2009.0
18641636,2008.0
19043403,2008.0
19234457,2009.0
19252480,2009.0
19380832,2009.0
19421193,2009.0
19479657,2009.0
19737086,2010.0
19935646,2009.0
20193018,2010.0
20465538,2010.0
20466884,2010.0
20613716,2010.0
20798282,2010.0
20810034,2010.0
21122682,2010.0
21131972,2010.0
21171673,2010.0
21248163,2011.0
21251613,2011.0
21261881,2008.0
21423189,2011.0
216442,1979.0
21708254,2011.0
21886162,2011.0
21963238,2011.0
22002720,2011.0
22009145,2011.0
22182585,2011.0
22201892,2012.0
22201972,2012.0
22237024,2012.0
22362199,2012.0
22382862,2012.0
22389870,2011.0
22421880,2012.0
22440736,2012.0
22449286,2012.0
22454070,2012.0
22479748,2011.0
22537441,2012.0
22711836,2012.0
22945592,2012.0
22974452,2009.0
23118055,2012.0
23392097,2013.0
23636326,2013.0
23663951,2013.0
23793040,2013.0
23903773,2013.0
24138928,2013.0
24185512,2013.0
24201053,2013.0
24298022,2013.0
24336569,2013.0
24366743,2013.0
24491087,2014.0
24526417,2014.0
24548887,2014.0
24662877,2014.0
24667139,2014.0
24705254,2014.0
24753536,2014.0
24819803,2014.0
24897292,2014.0
25097020,2014.0
25199069,2014.0
25264305,2014.0
25282448,2014.0
25329199,2014.0
25384187,2014.0
25476604,2014.0
25484091,2014.0
25560470,2015.0
25594174,2015.0
25619642,2015.0
25643296,2015.0
25725213,2015.0
25916522,2015.0
25938603,2015.0
25982860,2015.0
26000093,2015.0
26104205,2014.0
26187859,2015.0
26228524,2015.0
26235949,2015.0
26287237,2015.0
26308095,2015.0
26431948,2015.0
26515624,2015.0
26735013,2016.0
26832811,2015.0
26880094,2016.0
26888118,2016.0
26966515,2016.0
27338324,2016.0
27378404,2016.0
27454297,2016.0
27571407,2016.0
27595393,2016.0
27663877,2016.0
27669650,2016.0
27798603,2016.0
27874067,2016.0
27897114,2017.0
27987249,2017.0
28071651,2017.0
28077865,2017.0
28158456,2017.0
28266551,2017.0
28324674,2017.0
28339990,2017.0
28392945,2017.0
28408481,2017.0
28424376,2017.0
28577457,2017.0
28636641,2017.0
28666118,2017.0
28710129,2017.0
28710366,2017.0
28723547,2017.0
28793718,2015.0
28851078,2017.0
28923829,2017.0
28950537,2017.0
29082727,2017.0
29101107,2018.0
29129898,2017.0
29233862,2017.0
29254698,2017.0
29280746,2017.0
29320635,2018.0
29464559,2018.0
29478602,2018.0
29533322,2018.0
29599184,2018.0
29632149,2018.0
29760062,2018.0
29859229,2018.0
29868596,2018.0
29906449,2018.0
29930712,2018.0
30087598,2018.0
30093609,2018.0
30100756,2018.0
30115704,2018.0
30201856,2018.0
30207556,2018.0
30232695,2018.0
30259317,2018.0
30266155,2018.0
30273516,2018.0
30366928,
30390817,2018.0
30510207,2018.0
30518381,2018.0
30576679,2018.0
30619090,2018.0
30676821,2019.0
30684503,2019.0
30725891,2026.0
30743138,2019.0
30787149,2019.0
30799503,2019.0
30834543,2019.0
30854869,2019.0
30926743,2019.0
30930152,2019.0
30968781,2019.0
30975570,2019.0
30989321,2019.0
31024205,2019.0
31037463,2019.0
31106446,2019.0
31118354,2019.0
31164862,2019.0
31316009,2019.0
31456177,2019.0
31505066,2019.0
31520090,2019.0
31529712,2019.0
31560168,2019.0
31563086,2019.0
31563646,2019.0
31575852,2019.0
31588529,2019.0
31591304,2019.0
31602636,2019.0
31655651,2019.0
31655771,2019.0
31657882,2019.0
31699947,2019.0
31740829,2019.0
31756367,2019.0
31780747,2019.0
31810665,2019.0
31814859,2019.0
31826781,2020.0
32009883,2020.0
32040934,2020.0
32050611,2020.0
32086744,2020.0
32089221,2019.0
32100250,2020.0
32153397,2020.0
32167903,2020.0
32238876,2020.0
32246710,2020.0
32278352,2020.0
32284348,2020.0
32361914,2020.0
32392548,2020.0
32396843,2020.0
32472305,2020.0
32546807,2019.0
32565351,2020.0
32591699,
32598862,2020.0
32661345,2020.0
32723346,2020.0
32729746,2020.0
32747667,2020.0
32760052,2020.0
32827854,2020.0
32838583,2020.0
32884999,2019.0
32894510,2020.0
32894511,2020.0
32962123,2020.0
33035828,2020.0
33070309,2020.0
33077936,2020.0
33181402,2020.0
33241206,2020.0
33305616,2020.0
33311467,2020.0
33324135,2020.0
33372235,2021.0
33388373,2020.0
33404089,2021.0
33407254,2021.0
33437249,2021.0
33531663,2021.0
33549326,2021.0
33593593,2021.0
33619794,2021.0
33637688,2021.0
33638809,2021.0
33643838,2021.0
33693079,2019.0
33700722,1894.0
33710069,2021.0
33728947,2021.0
33757437,2021.0
33809897,2021.0
33827975,2021.0
33836254,2021.0
33849279,2021.0
33862687,2021.0
33919674,2021.0
33931134,2021.0
33957872,2021.0
33972778,2021.0
33986610,2021.0
34052813,2021.0
34073825,2021.0
34092035,2021.0
34209913,2021.0
34224692,2021.0
34234279,2021.0
34349762,2021.0
34408570,2021.0
34414698,2021.0
34464477,2021.0
34497589,2021.0
34500047,2021.0
34518650,2021.0
34528455,2021.0
34548968,2021.0
34563360,2021.0
34565579,2021.0
34628273,2021.0
34670896,2021.0
34704087,2021.0
34757849,2021.0
34774343,2021.0
34777951,2021.0
34912086,2021.0
34937915,2021.0
34957948,2022.0
35031766,2022.0
35039149,2022.0
35053328,2022.0
35083862,2022.0
35132413,2022.0
35149821,
35165961,2022.0
35167762,2022.0
35195876,2022.0
35217787,2022.0
35228717,2022.0
35245456,2022.0
35245556,2022.0
35256838,2022.0
35262245,2022.0
35305869,2022.0
35353266,2022.0
35404740,2022.0
35419018,2022.0
35430546,2022.0
35482509,2022.0
35534721,2022.0
35589764,2022.0
35591852,2022.0
35609014,2022.0
35633570,2022.0
35649821,2022.0
35652325,2022.0
35667159,2022.0
35704476,2022.0
35725948,2022.0
35751696,2022.0
35760099,2022.0
35788156,2022.0
35810393,2022.0
35834124,2022.0
35874739,2022.0
35880614,2022.0
35900851,2022.0
35943268,2022.0
35945633,2022.0
35952149,1994.0
35953106,2022.0
35968559,2022.0
35969166,2022.0
35982095,2022.0
35987895,2022.0
35988291,2022.0
36050639,2022.0
36074019,2022.0
36074849,2022.0
36087269,2022.0
36131625,2022.0
36243509,2022.0
36260159,2022.0
36313272,2022.0
36327906,2022.0
36347219,2022.0
36412985,2022.0
36414769,2022.0
36415754,2022.0
36416693,2022.0
36428890,2022.0
36437633,2022.0
36448276,2022.0
36475975,2022.0
36495159,2022.0
36499275,2022.0
36506829,2022.0
36509537,2022.0
36549156,2022.0
36577779,2022.0
36582573,2022.0
36630149,2023.0
36635625,2023.0
36638783,2023.0
36666703,1894.0
36670126,2023.0
36670555,2022.0
36672309,2023.0
36681079,2023.0
36687816,2023.0
36709752,2023.0
36750315,2023.0
36780942,2023.0
36791676,2023.0
36795294,2023.0
36796769,2023.0
36797503,2023.0
36801614,2023.0
36809747,2023.0
36830101,2023.0
36841089,2023.0
36853197,2023.0
36870088,2023.0
36892139,2023.0
36927873,2024.0
36928509,2023.0
36941257,2023.0
36944196,2023.0
36964457,2023.0
36971297,2023.0
36976349,2023.0
36979418,2023.0
37086262,2023.0
37175473,2023.0
37191389,2023.0
37225819,2023.0
37226223,2023.0
37228373,2023.0
37271153,2023.0
37272854,2023.0
37310827,2024.0
37328828,2023.0
37340887,2023.0
37363095,2023.0
37369268,2023.0
37407872,2023.0
37417159,2023.0
37435300,2023.0
37488429,2023.0
37495431,2023.0
37524227,2023.0
37527088,2023.0
37543815,2023.0
37569389,2023.0
37573025,2023.0
37582932,2023.0
37601110,2023.0
37628852,2023.0
37628907,2023.0
37630471,2023.0
37641155,2023.0
37645848,2023.0
37662310,2023.0
37663537,2022.0
37679938,2023.0
37695088,2023.0
37709701,2023.0
37742000,2023.0
37751903,2023.0
37753159,2023.0
37756308,2023.0
37759865,2023.0
37768127,2024.0
37776932,2023.0
37777019,2023.0
37827363,2023.0
37832941,2023.0
37854476,2023.0
37863519,2023.0
37864365,2023.0
37887891,2023.0
37899108,2023.0
37906969,2023.0
37928273,2023.0
37965319,2023.0
37971389,2023.0
37973340,2023.0
37976549,2024.0
38031972,2024.0
38068269,2023.0
38085843,2022.0
38097891,2023.0
38124859,2023.0
38134358,2023.0
38157863,2023.0
38170644,2023.0
38174129,2023.0
38196886,2023.0
38197929,2024.0
38203689,2023.0
38207625,1840.0
38209373,1849.0
38214308,2024.0
38241377,2024.0
38241563,2024.0
38257754,2023.0
38275095,2024.0
38298057,2024.0
38353623,2024.0
38388706,2024.0
38413492,2024.0
38423462,2024.0
38445832,2024.0
38467395,2024.0
38490888,2024.0
38518254,2024.0
38522772,2024.0
38556826,2024.0
38578769,2024.0
38587843,2024.0
38619332,2024.0
38625282,2023.0
38633347,2024.0
38637088,2024.0
38649000,2024.0
38656889,2024.0
38674733,2024.0
38677261,2024.0
38689097,2024.0
38695063,2024.0
38698625,2024.0
38700000,2024.0
38710230,2024.0
38736272,2024.0
38769696,2024.0
38789025,2024.0
38798359,2024.0
38834019,2024.0
38848844,2024.0
38860970,2024.0
38866848,2024.0
38897069,2024.0
38900916,2024.0
38939149,2024.0
38956947,2024.0
38967716,2024.0
38978873,2024.0
38992995,2024.0
39017850,2024.0
39024896,2024.0
39025681,2024.0
39044341,2024.0
39049098,2024.0
39080841,2024.0
39112833,2024.0
39144355,2024.0
39151120,2024.0
39153346,2024.0
39158076,2024.0
39167768,2024.0
39178433,2024.0
39203857,2024.0
39218018,2024.0
39243108,2024.0
39277798,2024.0
39298029,2024.0
39322375,2024.0
39337530,2024.0
39337635,2024.0
39349887,2024.0
39411701,2024.0
39458849,2024.0
39485343,2024.0
39503951,2024.0
39528914,2024.0
39533223,2024.0
39542809,2024.0
39560930,2024.0
39561595,2024.0
39570700,2024.0
39591908,2024.0
39619344,2021.0
39625862,2024.0
39631578,2024.0
39635405,2022.0
39673919,2024.0
39677934,2024.0
39698926,2024.0
39701133,2024.0
39730568,2024.0
39766279,2024.0
39790019,2025.0
39796075,2024.0
39844719,2025.0
39903812,2025.0
39946203,2025.0
40018920,2025.0
40073078,2025.0
40209851,2025.0
40229278,2025.0
40250405,2025.0
40304879,2025.0
40454823,2025.0
40468448,2025.0
40469293,2025.0
40514426,2025.0
40630059,2025.0
40660408,2025.0
41026121,2025.0
41123944,2025.0
41296264,2025.0
41340774,2025.0
41346607,2025.0
41570175,2026.0
41751933,2026.0
6323903,1984.0
7491953,1995.0
7952920,1994.0
8080667,1994.0
8660997,1996.0
8769641,1996.0
8884748,1996.0
8994876,1996.0
9657257,1998.0
9759480,1998.0
10.1002/advs.202407900,
10.1002/advs.202408845,
10.1002/advs.202416590,
10.1002/advs.202501175,
10.1002/brb3.70850,
10.1002/hep.32105,
10.1002/hep.32538,
10.1002/jev2.12519,
10.1002/prca.201700087,
10.1007/5584_2022_733,
10.1007/s10528-024-10872-9,
10.1007/s11883-023-01140-z,
10.1007/s12035-023-03713-0,
10.1016,
10.1016/S0140-6736(24)01750-1,
10.1016/S0140-6736(25)02255-X,
10.1016/j.abb.2022.109323 (pancreatic cancer oncogenic role),2022.0
10.1016/j.ajhg.2025.08.019,2025.0
10.1016/j.apsb.2025.05.004,2025.0
10.1016/j.bcp.2025.117216,2025.0
10.1016/j.biopha.2023.115653,2023.0
10.1016/j.canlet.2024.217090,2024.0
10.1016/j.canlet.2025.217493,2025.0
10.1016/j.canlet.2025.218058,2025.0
10.1016/j.cbi.2025.111628,2025.0
10.1016/j.ccell.2020.02.006,2020.0
10.1016/j.ccell.2020.11.013,2020.0
"10.1016/j.ccell.2021.11.002 (Li et al., Cancer Cell 2022 – HRH1 in cancer immunotherapy)",2021.0
10.1016/j.ccell.2024.08.012,2024.0
10.1016/j.ccell.2025.02.006,2025.0
10.1016/j.ccell.2025.05.013,2025.0
10.1016/j.cell.2016.12.016,2016.0
10.1016/j.cell.2026.02.001,2026.0
10.1016/j.chom.2021.11.001,2021.0
10.1016/j.cmet.2024.01.011,2024.0
10.1016/j.cmet.2024.04.015,2024.0
10.1016/j.ctrv.2023.102557,2023.0
10.1016/j.ecoenv.2025.118954,2025.0
10.1016/j.ejmech.2022.114884,2022.0
"10.1016/j.freeradbiomed.2022.11.013 (Xu et al., VDR activation anti-ferroptosis in osteoblasts, Nrf2/GPX4)",2022.0
10.1016/j.ijpara.2020.12.011,2020.0
10.1016/j.jbc.2021.100641,2021.0
10.1016/j.neuron.2025.12.012,2025.0
10.1016/j.phrs.2024.107212,2024.0
10.1016/j.phymed.2026.157817,2026.0
10.1016/j.redox.2023.102703,2023.0
"10.1016/j.redox.2024.103062 (Chen et al., VDR mitochondrial protection in diabetic kidney)",2024.0
10.1016/j.stemcr.2017.04.023,2017.0
10.1016/j.xcrm.2024.101889,2024.0
10.1016/j.ymthe.2021.02.015,2021.0
10.1016/j.ymthe.2023.03.027,2023.0
10.1016/j.ymthe.2025.03.001,2025.0
10.1016/s0166-6851(96)02593-5,
10.1021/acs.est.5c03906,
10.1021/acs.jafc.4c06018,
10.1021/acs.jmedchem.4c02230,
10.1038,
10.1038/aps.2017.38,2017.0
10.1038/nature08638,
10.1038/nature23465,
10.1038/nm.3802 (Matano et al. 2015 – engineered organoid models with PIK3CA mutations forming tumors in vivo),2015.0
"10.1038/s41388-025-03613-8 (Wang et al., Oncogene 2025 – HRH1-targeting mAb for GBM)",2025.0
10.1038/s41392-022-00959-3,
10.1038/s41392-023-01501-9,
10.1038/s41401-020-0411-9,
10.1038/s41419-023-05836-7,
10.1038/s41419-023-05944-4,
10.1038/s41422-021-00528-3,
10.1038/s41423-025-01263-0,
10.1038/s41467-021-25674-5,
10.1038/s41467-022-33502-7,
10.1038/s41467-024-48364-4,
10.1038/s41467-024-50450-6,
10.1038/s41467-024-53493-x,
10.1038/s41467-025-59621-5,
10.1038/s41568-022-00456-3,
10.1038/s41573-024-01100-5,
10.1038/s41586-024-07310-6,
10.1038/s41586-024-07314-2,
10.1038/s41586-024-08532-4,
10.1038/s41587-019-0016-3,
10.1038/s41591-023-02491-5,
10.1038/s41598-020-68930-2,
10.1038/s41598-025-34313-8,
10.1038/s42003-020-01549-1,
10.1038/s42003-025-09293-0,
10.1038/s42255-023-00883-y,
10.1038/s44318-024-00351-7,
10.1038/s44318-025-00507-z,
10.1056/NEJMoa2004215,
10.1056/NEJMoa2115304,
10.1056/NEJMoa2405734,
10.108,
10.1080/13880209.2025.2537123,2025.0
10.1080/15548627.2018.1535292,2018.0
10.1080/15548627.2021.1885203,2021.0
10.1080/15548627.2022.2109286,2022.0
10.1080/15548627.2023.2213984,2023.0
10.1080/15548627.2023.2221921,2023.0
10.1080/17476348.2019.1670640,2019.0
10.1080/17582024.2024.2402216,2024.0
10.1084/jem.20190450,
10.1084/jem.20200839,
10.1093/cvr/cvae186,
10.1097/01.all.0000235899.57182.d4,
"10.1097/PGP.0000000000001053 (FOLR1 IHC biomarker validation, 216-case clinical cohort)",
10.1098/rstb.2016.0525,2016.0
10.1111/bph.70087,
10.1111/cas.14592,
10.1111/cas.70124,
10.1124/mol.119.117663,
10.1126/sciadv.adt9446,
"10.1126/sciadv.aef0121 (FOLR1-targeted 225Ac α-particle therapy, xenograft efficacy + PET imaging)",
10.1126/science.abe1505,
10.1126/science.adf0966,
10.1136/annrheumdis-2021-220295,2021.0
10.1136/ard-2023-225158,2023.0
10.1136/ard-2023-225445,2023.0
10.1136/jitc-2024-009523,2024.0
10.1152/ajpendo.00332.2022 (PHA1 case series with functional validation),2022.0
10.1152/physrev.00031.2017,2017.0
10.1158/0008-5472.CAN-23-0285,
10.1158/0008-5472.CAN-24-3405,
10.1158/0008-5472.CAN-24-4317,
10.1158/0008-5472.CAN-25-0315,
10.1158/1078-0432.CCR-19-1376,
10.1158/1078-0432.CCR-22-3667,
10.1158/2159-8290.CD-20-1690,
10.1158/2159-8290.CD-21-0072 (Song et al. 2022 – GDC-0077 mechanism and clinical antitumor activity in PIK3CA-mutant breast cancer),2022.0
10.1158/2159-8290.CD-23-0802,
10.1158/2159-8290.CD-24-0102,
10.1158/2326-6066.CIR-20-1043,
10.1158/2326-6066.CIR-24-1128,
10.1161/ATVBAHA.124.321793,
10.1161/CIRCHEARTFAILURE.119.006609,
10.1161/CIRCULATIONAHA.124.071217,
10.1161/CIRCULATIONAHA.124.071884,
10.1172/JCI167951,
"10.1172/JCI183588 (Kurakazu et al., J Clin Invest 2025 – HRH1 inverse agonists in OA)",2025.0
10.1172/jci.insight.140532,
"10.1172/jci.insight.168957 (Xie et al., clinical trial: VDR regulates furin/FGF23 in ergocalciferol-treated patients)",
10.1172/jci.insight.177229,
10.1172/jci.insight.177523,
10.1172/jci.insight.184141,
10.1182,
10.1182/blood.2023022354,
10.1182/blood.2023023557,
10.1186/s12885-024-12227-4,
10.1186/s12933-024-02203-4,
10.1186/s12943-019-0988-0,
"10.1186/s12943-024-02108-6 (Chen et al., vitexin as novel VDR agonist, IBD→CRC pathway)",
10.1186/s12967-025-06809-4,
10.1186/s12974-023-02706-z,
10.1186/s13045-024-01586-x,
10.1186/s13045-025-01755-6,
10.1186/s40659-020-00316-0,
10.1186/s43556-025-00321-3,
10.1200/JCO.19.00172,
10.1210/clinem/dgab824,
10.1681/ASN.0000000000000212,
10.1681/ASN.0000000634,
10.2147/DDDT.S462266,
10.2147/DDDT.S467066,
10.2147/OTT.S272621,
10.2174/1381612822666160927114941,
10.2174/1568026616666160216152540,
10.2217/imt-2022-0255,2022.0
10.26355/eurrev_202411_36955,
10.3389/fimmu.2018.01821,2018.0
10.3389/fimmu.2023.1150940,2023.0
"10.3389/fimmu.2023.1254532 (comprehensive review of FOLR1 therapeutic strategies, mirvetuximab approval)",2023.0
"10.3389/fpsyt.2023.1079683 (Ji et al., Front Psychiatry 2023 – HRH1 in ASD sleep)",2023.0
10.3390/ijms22189668,
10.3390/ijms241310542,
10.3390/ijms26136361,
10.3390/jcm14134408 (2025 PHA1 clinical/biochemical review),2025.0
10.4049/jimmunol.1502193,
10.7150/ijbs.104484,
10.7150/ijbs.110447,
10.7150/thno.102597,
10.7150/thno.105894,
10.7717/peerj.13852,
"2019 ferroptosis paper (Wen et al., Biochem Biophys Res Commun): AGER required for HMGB1-mediated inflammation in macrophages; autophagy-dependent HMGB1 release",2019.0
"2025 PDAC paper (Li et al., Sci Transl Med): AGER-DIAPH1 mechanism driving macropinocytosis and KRAS inhibitor resistance; combination therapy validated in PDX, orthotopic, and GEMM models",2025.0
2116730119,
34272499 (Caushi et al. 2021 - TIL transcriptomics in anti-PD-1 treated cancer),2021.0
34581546 (Rindler et al. 2021 - IL7R downregulation in human cancer progression),2021.0
35463395 (approx - Sweadner et al. genotype-structure-phenotype ATP1A paralogs),
"37328828 — Tang et al. comprehensive TAM review including TYRO3 structure, regulation, and cancer drug resistance",
39388863 (approx - Schneider et al. ATP1A1/ATP1B3 AML dependency),
39666869 (approx - Hu et al. GPR37-ubiquitination ATP1A1 ESCC),
Amengual et al 2025 (Signal Transduct Target Ther) - NOX1/4 in cholangiocarcinoma CAFs,2025.0
Biochem Soc Trans 2019 47(2):541-557 (structural characterization),2019.0
Blood 2025 146(11):1346-1358 (plasminogen deficiency human study),2025.0
CCL17/CCL22-CCR4 axis drives T cell trafficking and lymphoma progression,
CCR4 is highly expressed on malignant T cells in mycosis fungoides,
Cai et al. JCI Insight 2019 (STAT6/Arg1 mechanism in inflammation),2019.0
Cancer Res. 2024;84:1817-1833,2024.0
Cell Death Dis 2025 Ding et al. β-catenin-PPAT in hepatoblastoma,2025.0
Cell. 2022 Oct 27;185(22):4190-4205,2022.0
Chen et al. Theranostics 2019;9(1):34-47,2019.0
Dobson DA et al. Thromb Res. 2024;242:109134 (fibrinogen synthesis regulation review),2024.0
Dragano et al. (Mol Metab 2024) - hypothalamic FFAR1 energy balance regulation,2024.0
"Entry mechanisms review (Urban et al., Gastro 2014)",2014.0
Front Immunol. 2018;9:1821,2018.0
Gao et al. (2025) J Am Heart Assoc 14(17):e040708 — AVPR1A heterodimerization and signaling modulation,2025.0
Hammock & Young (2006) Philos Trans R Soc B 361(1476):2187-98 — vasopressin/AVPR1A role in social bonding and autism implications,2006.0
Han et al. Int J Biochem Cell Biol 2021;141:106116,2021.0
Hsu et al 2023 (Gut 72:654-662) - NOX1 mechanism in IBD intestinal epithelial cells,2023.0
"Huang et al. 2021 on KRAS from undruggable to druggable (covers G12C mechanism, clinical approval, resistance)",2021.0
Ichihara et al. 2004 (Cancer Letters) - RET signaling pathways and role as driver in neuroendocrine tumors,2004.0
Int Immunopharmacol 2023 Aug;121:110505 — Hu: zileuton regulates TAM M2 polarization via JAK/STAT; blocks pancreatic cancer invasion/metastasis,2023.0
Iser et al. Semin Cancer Biol 2022 (adenosinergic pathway and EMT),2022.0
Isermann et al. 2025 on KRAS inhibitor resistance and combinations (recent comprehensive review),2025.0
J Clin Invest. 2023;133:e150224,2023.0
J Immunother Cancer 2024 Aug 13;12(8):e009492 — Chen: ALOX5/5-HETE promotes M2 GAM polarization and PD-L1 in glioma,2024.0
J Neurosci 2023 (adult-born DGC integration via MEK/ERK),2023.0
J Thromb Haemost 2020 18(10):2468-2481 (receptor function and inflammation),2020.0
Jiang et al. J Clin Invest 2021 (10.1172/JCI139434) — TYRO3 drives anti-PD-1/PD-L1 resistance in patient cohorts; inhibition sensitizes resistant tumors,2021.0
Keratinocyte autophagy (Autophagy 2021 Sep;17:2128-2143) - AMPK-BRAF-MAPK pathway in wound healing,2021.0
Kordaß et al. Front Immunol 2023 (miRNA regulation of NT5E expression),2023.0
Koromina et al. (2025) Nat Neurosci - THRA in bipolar disorder fine-mapping,2025.0
"Lemmetyinen et al. 2024 (iScience, doi:10.1016/j.isci.2024.111246) - GDNF-RET signaling in cell differentiation",2024.0
Li et al. (2025) Adv Sci - THRA in mouse wound healing models and skin organoids,2025.0
Li et al. Nat Commun 2024 (C5aR1 inhibition reverses PARP inhibitor resistance),2024.0
Li et al. Neuron 2025 - tachykinin signaling in brainstem parabrachial nucleus,2025.0
Liu et al. Cardiovasc Res 2023 (C5a-PERK-ATF4 pathway in vascular calcification),2023.0
"Loscocco GG, Guglielmelli P. Am J Hematol. 2025 (MF therapy landscape review)",2025.0
Lu et al. J Transl Med 2020;18(1):101,2020.0
MAVORITIA-trial: mogamulizumab demonstrated meaningful response rates in CTCL,
Mesa RA et al. Leukemia. 2022 (SIMPLIFY-1/-2 mature OS),2022.0
Mol Cancer 2025 24(1):179 (PLG-PLAT axis in RCC angiogenesis),2025.0
Mossmann et al. Cell 2023 (Arginine metabolism in HCC),2023.0
Myers et al. Mol Cancer 2019 (10.1186/s12943-019-1022-2) — TAM receptors on TAMs promote M2 polarization and efferocytosis,2019.0
NPWT/bone regeneration (Autophagy 2022 Sep;18:2229-2245) - AMPK-ULK1-autophagy axis drives osteogenesis,2022.0
"NTCP deficiency human case (Schneider et al., Clin Res Hepatol Gastroenterol 2022)",2022.0
"NTCP ubiquitination and HBV internalization (Appelman et al., JHEP Rep 2025)",2025.0
Nature. 2024 Apr;628(8008):604-611,2024.0
Niyonzima et al. Sci Immunol 2021 (mitochondrial C5aR1-IL-1β in macrophages),2021.0
PMID from Blood 2025 (High-risk MCL review; BIRC3 as high-risk mutation marker),2025.0
PMID from EMBO Mol Med 2025 (Targeting cIAP2/BIRC3 in senolytic GBM strategy; doi: 10.1038/s44321-025-00201-x),2025.0
"PMID uncertain—Chen et al., Cancer Sci 2019 (PIK3CD overexpression drives cancer growth; idelalisib suppresses in vivo)",2019.0
"PMID uncertain—Maccari et al., J Allergy Clin Immunol 2023 (APDS; PIK3CD gain-of-function lymphoproliferation in humans)",2023.0
"PMID uncertain—Schmidt et al., Nature 2024 (base-editing screens map T cell function variants)",2024.0
"PMID uncertain—Walsh et al., Nat Biotechnol 2025 (variant effects on anti-tumor T cell hallmarks)",2025.0
PMID:19114008,
PMID:29346763,
PMID:3152517,
PMID:7737063,
Padmanaban et al. Nature 2024 - substance P/TACR1 axis and target pharmacology,2024.0
Pappa-2021-FrontEndocrinol,2021.0
Phytomedicine 2026 Jia et al. cucurbitacin B targets PPAT,2026.0
Popow et al. Science 2024 on pan-KRAS degraders (demonstrates ongoing structural innovation beyond G12C covalent inhibitors),2024.0
"Prajapati et al. Neuroscience 2025 - TACR1 in RVM neurons suppress itch, establish brainstem circuit characterization",2025.0
Qian-2024-CellMetab,2024.0
Rieg & Vallon 2018 (Diabetologia) — comprehensive review of SGLT1/2 inhibitor development and mechanism,2018.0
"Russell (2019, 2021) — vasopressin clinical pharmacology and receptor binding mechanisms",2019.0
"SLC10A1 genetic variants and HBV susceptibility (Ko et al., Mol Genet Genomics 2024)",2024.0
"SLC10A1 in HCC glycolysis (Chen et al., Anal Cell Pathol 2023)",2023.0
SQSTM1/p62 study (Autophagy 2020 Nov;16:1949-1973) - AMPK-ULK1 interaction in hepatoprotection,2020.0
Schisanhenol study (Acta Pharm Sin B 2024 Sep;14:3949-3963) - direct PRKAA1 genetic silencing blocks NAFLD protection,2024.0
Science 2025 Aug 7;389(6760):eadp0246 — Bachtel: intestinal mast cell leukotrienes mediate anaphylaxis; ALOX5 KO and zileuton prevent oral antigen response,2025.0
Science 2025 Wu et al. NUDT5-PPAT interaction,2025.0
See Mallik et al. Eur J Haematol. 2021 (doi: 10.1111/ejh.13632) for EGLN1 loss-of-function in erythrocytosis,2021.0
Smith et al. (J Physiol 2025) - human organoid EEC expression mapping,2025.0
Smith et al. 2025 (J Physiol) — SLC5A1 expression mapping in human organoid-derived enteroendocrine cells,2025.0
Sui et al. (2025) Front Immunol - CTSC-driven progression with in vivo validation,2025.0
Sun et al. 2023 (Res Sq) — SLC5A1 upregulation in CF patient-derived airway epithelial cells and XBP1 regulation,2023.0
Tambones & le Maire (2024) Endocrinology - structural review of THRA/THRB,2024.0
Tambones-2024-Endocrinology,2024.0
Wang et al 2024 (Free Radic Biol Med) - NOX1 ferroptosis in PD models,2024.0
Xiao et al. (2021) Cancer Cell - CTSC-mediated neutrophil infiltration and NETosis in lung metastasis,2021.0
Yang et al. (2025) Nature Commun - ECM-anchored neutrophils in pulmonary fibrosis,2025.0
Ye et al. Mol Ther 2024 (C5a-Drp1-mitochondrial fission in lupus podocytes),2024.0
Yu et al. (2024) Redox Biology - CTSC-driven NETosis in lung I/R injury via M1 macrophages,2024.0
Yurdagul et al. Cell Metab 2020 (Arg1 in macrophage metabolism),2020.0
Zhang et al. (2021) J Environ Pathol - si-THRA/si-THRB phenotypes in glioma cells,2021.0
Zhang et al. (2024) J Headache Pain - THRA identified in migraine MR analysis,2024.0
Zhang et al. Cancer Lett 2025 (NT5E in pancreatic cancer progression),2025.0
"daclatasvir Phase 2/3 trials (Lok et al., Kumada et al.)",
"doi:10.1002/ajh.70044 (Schoettler et al., narsoplimab EAP 2+ yr follow-up)",
doi:10.1016/j.cbi.2014.09.024,2014.0
doi:10.1016/j.devcel.2024.04.023,2024.0
doi:10.1038/s41392-025-02321-9,
doi:10.1038/s41572-021-00276-z,
"doi:10.1200/JCO.21.02389 (Khaled et al., narsoplimab Phase 2 trial)",
"doi:10.3390/ijms24021159 (Lazana, TA-TMA mechanism review)",
e2314128121,
eadd5787,
eadh4475,
glecaprevir/pibrentasvir CERTAIN trials,
"landmark NS5A structure papers (Gale et al., Tellinghuisen et al.)",
sofosbuvir+velpatasvir registration trials,
