target_id,symbol,ensembl_id
3,GUCY1A1,ENSG00000164116
4,PCSK9,ENSG00000169174
5,HMGCR,ENSG00000113161
6,GUCY1B1,ENSG00000061918
9,PDE3A,ENSG00000172572
10,PDE5A,ENSG00000138735
14,CACNA1C,ENSG00000151067
15,SORT1,ENSG00000134243
16,P2RY12,ENSG00000169313
17,PLG,ENSG00000122194
18,PTGS2,ENSG00000073756
20,PTGS1,ENSG00000095303
23,ABCA1,ENSG00000165029
24,LPA,ENSG00000198670
25,ACE,ENSG00000159640
27,APOB,ENSG00000084674
28,F10,ENSG00000126218
33,PDE4B,ENSG00000184588
40,F2,ENSG00000180210
42,ITGB3,ENSG00000259207
43,PDE3B,ENSG00000152270
48,SERPINA1,ENSG00000197249
51,SERPINH1,ENSG00000149257
52,PDE4D,ENSG00000113448
59,EDNRA,ENSG00000151617
68,PDE9A,ENSG00000160191
69,PDE4C,ENSG00000105650
73,SLC29A1,ENSG00000112759
77,IL6R,ENSG00000160712
84,ADRB1,ENSG00000043591
89,ABO,ENSG00000175164
98,SMAD7,ENSG00000101665
102,PRKCE,ENSG00000171132
104,FLT1,ENSG00000102755
106,APOC3,ENSG00000110245
110,SERPINC1,ENSG00000117601
111,ADRB2,ENSG00000169252
116,PARP12,ENSG00000059378
119,ATP2B1,ENSG00000070961
129,PNPLA3,ENSG00000100344
132,PPARG,ENSG00000132170
137,PPARA,ENSG00000186951
142,NGF,ENSG00000134259
145,TUBA3C,ENSG00000198033
146,BMAL1,ENSG00000133794
148,FDX1,ENSG00000137714
152,NBEAL1,ENSG00000144426
155,NAT2,ENSG00000156006
159,ATP4A,ENSG00000105675
161,TGFB1,ENSG00000105329
165,ATP4B,ENSG00000186009
174,C1S,ENSG00000182326
199,CTRB1,ENSG00000168925
207,HDAC9,ENSG00000048052
211,GLP1R,ENSG00000112164
213,VWF,ENSG00000110799
222,VEGFA,ENSG00000112715
223,NPC1L1,ENSG00000015520
230,ADORA2A,ENSG00000128271
241,PIK3CG,ENSG00000105851
247,C5,ENSG00000106804
259,TUBB,ENSG00000196230
261,OPRM1,ENSG00000112038
270,NFAT5,ENSG00000102908
281,TUBB3,ENSG00000258947
282,TUBA1B,ENSG00000123416
283,TUBB4A,ENSG00000104833
290,NOS3,ENSG00000164867
308,SCN5A,ENSG00000183873
320,SCN4A,ENSG00000007314
327,CFTR,ENSG00000001626
346,ERBB4,ENSG00000178568
349,F9,ENSG00000101981
353,F11,ENSG00000088926
358,GABRA4,ENSG00000109158
360,GABRQ,ENSG00000268089
361,GABRG1,ENSG00000163285
362,GABRA5,ENSG00000186297
363,GABRD,ENSG00000187730
364,GABRP,ENSG00000094755
365,GABRB3,ENSG00000166206
366,GABRA2,ENSG00000151834
367,GABRA1,ENSG00000022355
371,PCSK6,ENSG00000140479
373,TDRKH,ENSG00000182134
374,CACNB2,ENSG00000165995
379,ATXN2,ENSG00000204842
381,CXCL8,ENSG00000169429
382,ADORA3,ENSG00000282608
383,ADORA1,ENSG00000163485
384,DHODH,ENSG00000102967
385,MPDZ,ENSG00000107186
398,PTK2,ENSG00000169398
406,IL6,ENSG00000136244
418,MAPT,ENSG00000186868
419,ANK2,ENSG00000145362
427,MAPK11,ENSG00000185386
442,GLRA1,ENSG00000145888
443,GLRB,ENSG00000109738
446,DHX36,ENSG00000174953
448,SLC22A4,ENSG00000197208
481,OSM,ENSG00000099985
515,NDUFB8,ENSG00000166136
572,F3,ENSG00000117525
613,AR,ENSG00000169083
614,GCKR,ENSG00000084734
620,AGTR1,ENSG00000144891
624,CXCR4,ENSG00000121966
635,CALCRL,ENSG00000064989
638,ABCC8,ENSG00000006071
639,GCK,ENSG00000106633
644,TNF,ENSG00000232810
654,SLC5A2,ENSG00000140675
660,REN,ENSG00000143839
669,MTOR,ENSG00000198793
670,ESR1,ENSG00000091831
706,ABR,ENSG00000159842
712,ALOX5AP,ENSG00000132965
717,VKORC1,ENSG00000167397
718,CNR1,ENSG00000118432
723,TRPA1,ENSG00000104321
727,INSR,ENSG00000171105
729,ESR2,ENSG00000140009
753,MKNK1,ENSG00000079277
767,MC4R,ENSG00000166603
784,TLR4,ENSG00000136869
786,LHCGR,ENSG00000138039
792,SLCO1B1,ENSG00000134538
805,DMP1,ENSG00000152592
821,HTT,ENSG00000197386
823,SCNN1G,ENSG00000166828
831,SOD2,ENSG00000291237
832,DDR2,ENSG00000162733
836,NLRP3,ENSG00000162711
837,RPS6KA1,ENSG00000117676
872,TOP1,ENSG00000198900
875,OPRL1,ENSG00000125510
891,TLR5,ENSG00000187554
903,INO80,ENSG00000128908
908,GRAMD1C,ENSG00000178075
933,NQO1,ENSG00000181019
939,DPT,ENSG00000143196
940,PAH,ENSG00000171759
956,PLA2G10,ENSG00000069764
1030,CYP17A1,ENSG00000148795
1040,NR3C1,ENSG00000113580
1059,LEPR,ENSG00000116678
1071,MPO,ENSG00000005381
1082,SOST,ENSG00000167941
1121,SELP,ENSG00000174175
1129,AOPEP,ENSG00000148120
1133,ICAM1,ENSG00000090339
1141,FGF21,ENSG00000105550
1142,BDNF,ENSG00000176697
1144,MMP9,ENSG00000100985
1145,ANGPTL3,ENSG00000132855
1155,IL23A,ENSG00000110944
1156,FGF23,ENSG00000118972
1157,PRKAA2,ENSG00000162409
1161,GDF15,ENSG00000130513
1170,TFPI,ENSG00000003436
1173,GPR22,ENSG00000172209
1180,OLR1,ENSG00000173391
1181,VDR,ENSG00000111424
1188,ITGA2,ENSG00000164171
1193,ALB,ENSG00000163631
1197,ALOX12,ENSG00000108839
1206,LGALS3,ENSG00000131981
1223,KLKB1,ENSG00000164344
1224,CD4,ENSG00000010610
1227,DPP4,ENSG00000197635
1228,IL17A,ENSG00000112115
1229,MMP13,ENSG00000137745
1241,NFKB1,ENSG00000109320
1242,IL18,ENSG00000150782
1244,ACKR3,ENSG00000144476
1245,PPIA,ENSG00000196262
1255,TNFSF4,ENSG00000117586
1272,PPARD,ENSG00000112033
1274,IL13,ENSG00000169194
1293,CTSK,ENSG00000143387
1296,SOAT1,ENSG00000057252
1300,KDR,ENSG00000128052
1307,C3,ENSG00000125730
1335,ABCC11,ENSG00000121270
1340,IL1R2,ENSG00000115590
1341,GGT5,ENSG00000099998
1342,GIP,ENSG00000159224
1345,AHR,ENSG00000106546
1350,ERBB2,ENSG00000141736
1362,IL33,ENSG00000137033
1365,GATA2,ENSG00000179348
1369,TTR,ENSG00000118271
1377,IL1B,ENSG00000125538
1382,IL1A,ENSG00000115008
1387,IP6K1,ENSG00000176095
1390,PTGER2,ENSG00000125384
1400,CYP11B2,ENSG00000179142
1402,TYMS,ENSG00000176890
1411,TFRC,ENSG00000072274
1419,PDCD1,ENSG00000188389
1420,CFD,ENSG00000197766
1421,SNCA,ENSG00000145335
1425,ENPP1,ENSG00000197594
1432,LAG3,ENSG00000089692
1436,CFH,ENSG00000000971
1443,APEX1,ENSG00000100823
1454,TREM2,ENSG00000095970
1467,TP53,ENSG00000141510
1471,TNFSF13B,ENSG00000102524
1485,SOD1,ENSG00000142168
1487,IL12B,ENSG00000113302
1488,SERPINA3,ENSG00000196136
1489,TF,ENSG00000091513
1500,TBXT,ENSG00000164458
1502,SSTR2,ENSG00000180616
1514,TSLP,ENSG00000145777
1520,HTR1A,ENSG00000178394
1522,FABP3,ENSG00000121769
1526,RXFP1,ENSG00000171509
1527,ITGB7,ENSG00000139626
1528,RXFP2,ENSG00000133105
1553,CEACAM5,ENSG00000105388
1556,CD274,ENSG00000120217
1590,IL1RL1,ENSG00000115602
1614,IFNG,ENSG00000111537
1620,APLNR,ENSG00000134817
1625,PDGFRB,ENSG00000113721
1635,NOTCH1,ENSG00000148400
1642,HAMP,ENSG00000105697
1644,ANPEP,ENSG00000166825
1646,SELPLG,ENSG00000110876
1653,IFNA2,ENSG00000188379
1655,IL2RB,ENSG00000100385
1657,SLC6A4,ENSG00000108576
1663,APOC2,ENSG00000234906
1679,ROCK2,ENSG00000134318
1687,MAPK1,ENSG00000100030
1691,COL1A1,ENSG00000108821
1692,SIK2,ENSG00000170145
1694,AQP9,ENSG00000103569
1702,P4HB,ENSG00000185624
1706,IL2RA,ENSG00000134460
1713,EPHB2,ENSG00000133216
1716,HMGB1,ENSG00000189403
1717,NPR1,ENSG00000169418
1719,FCGR3A,ENSG00000203747
1726,ITGB2,ENSG00000160255
1746,CD68,ENSG00000129226
1759,EGFR,ENSG00000146648
1796,TACR3,ENSG00000169836
1802,IL2RG,ENSG00000147168
1807,IL5,ENSG00000113525
1808,COMP,ENSG00000105664
1822,SNAP25,ENSG00000132639
1833,CP,ENSG00000047457
1845,PRKAR2B,ENSG00000005249
1849,FGFR2,ENSG00000066468
1866,SELL,ENSG00000188404
1867,HES6,ENSG00000144485
1885,PARP1,ENSG00000143799
1886,IL2,ENSG00000109471
1894,ALPP,ENSG00000163283
1904,F8,ENSG00000185010
1906,SYK,ENSG00000165025
1910,OCA2,ENSG00000104044
1911,ACAT1,ENSG00000075239
1913,CYP11B1,ENSG00000160882
1917,FASLG,ENSG00000117560
1921,IL23R,ENSG00000162594
1931,HAVCR2,ENSG00000135077
1933,EZH2,ENSG00000106462
1937,HGF,ENSG00000019991
1957,F7,ENSG00000057593
1961,MSTN,ENSG00000138379
1974,IL15,ENSG00000164136
1982,GPR26,ENSG00000154478
2014,AOC3,ENSG00000131471
2026,ACP5,ENSG00000102575
2033,CTNND1,ENSG00000198561
2040,IL10,ENSG00000136634
2053,KCNA3,ENSG00000177272
2069,BTK,ENSG00000010671
2077,GATM,ENSG00000171766
2078,NFE2L2,ENSG00000116044
2090,CCR1,ENSG00000163823
2099,CX3CR1,ENSG00000168329
2100,CT45A3,ENSG00000269096
2121,NIPSNAP2,ENSG00000146729
2129,DRD2,ENSG00000149295
2143,ADCYAP1,ENSG00000141433
2153,TXN,ENSG00000136810
2158,AQP3,ENSG00000165272
2164,KRAS,ENSG00000133703
2181,LANCL1,ENSG00000115365
2185,DRD5,ENSG00000169676
2234,PRKAA1,ENSG00000132356
2247,BCL2,ENSG00000171791
2258,TYK2,ENSG00000105397
2268,HSD11B1,ENSG00000117594
2273,SLC10A2,ENSG00000125255
2285,C5AR1,ENSG00000197405
2290,TGOLN2,ENSG00000152291
2291,STAT3,ENSG00000168610
2293,CHRM3,ENSG00000133019
2301,BCHE,ENSG00000114200
2308,CPD,ENSG00000108582
2321,CEACAM6,ENSG00000086548
2351,APOL1,ENSG00000100342
2356,CCL18,ENSG00000275385
2365,IL7R,ENSG00000168685
2378,ICAM2,ENSG00000108622
2393,ABL1,ENSG00000097007
2399,PTEN,ENSG00000171862
2406,MAT1A,ENSG00000151224
2407,EIF4G2,ENSG00000110321
2408,OAZ2,ENSG00000180304
2424,KBTBD13,ENSG00000234438
2425,BMP2,ENSG00000125845
2429,GP1BB,ENSG00000203618
2430,AZGP1,ENSG00000160862
2431,BSN,ENSG00000164061
2434,CFAP97D1,ENSG00000231256
2437,DSP-AS1,ENSG00000261189
2443,MGLL,ENSG00000074416
2445,CCR5,ENSG00000160791
2453,ACAT2,ENSG00000120437
2457,PIK3CD,ENSG00000171608
2458,PIK3CA,ENSG00000121879
2467,MALT1,ENSG00000172175
2496,CCL17,ENSG00000102970
2515,KEAP1,ENSG00000079999
2537,BAAT,ENSG00000136881
2546,VIM,ENSG00000026025
2553,UOX,ENSG00000240520
2554,S100B,ENSG00000160307
2557,ETFB,ENSG00000105379
2559,CRHR1,ENSG00000120088
2578,CYP3A4,ENSG00000160868
2616,DNMT1,ENSG00000130816
2626,F5,ENSG00000198734
2646,S1PR1,ENSG00000170989
2672,FMO5,ENSG00000131781
2684,FGFR1,ENSG00000077782
2695,SCN2A,ENSG00000136531
2720,HSP90AA1,ENSG00000080824
2721,FOLH1,ENSG00000086205
2728,TADA1,ENSG00000152382
2729,ATP6V0A1,ENSG00000033627
2731,SEMA4D,ENSG00000187764
2736,RET,ENSG00000165731
2739,IL12A,ENSG00000168811
2751,PTH1R,ENSG00000160801
2764,SRRM5,ENSG00000226763
2777,RAF1,ENSG00000132155
2793,NR3C2,ENSG00000151623
2801,TLR9,ENSG00000239732
2812,NKX2-5,ENSG00000183072
2813,GZMA,ENSG00000145649
2814,FXN,ENSG00000165060
2818,ACHE,ENSG00000087085
2820,AGTR2,ENSG00000180772
2858,HDAC4,ENSG00000068024
2859,DGAT2,ENSG00000062282
2863,ADGRG7,ENSG00000144820
2864,ACTA2,ENSG00000107796
2866,CAV2,ENSG00000105971
2867,BCR,ENSG00000186716
2875,GMPS,ENSG00000163655
2876,GZMB,ENSG00000100453
2878,JAK2,ENSG00000096968
2936,KIT,ENSG00000157404
2949,TLR3,ENSG00000164342
2951,IL21,ENSG00000138684
2957,TRPV1,ENSG00000196689
2958,GPX3,ENSG00000211445
2970,MAPK8,ENSG00000107643
2998,SESN2,ENSG00000130766
3000,PSMB8,ENSG00000204264
3035,ACAA1,ENSG00000060971
3038,RHO,ENSG00000163914
3080,GNB3,ENSG00000111664
3095,SIGMAR1,ENSG00000147955
3142,DHCR24,ENSG00000116133
3148,PIERCE2,ENSG00000261652
3151,PDGFB,ENSG00000100311
3154,ROS1,ENSG00000047936
3182,SLC9A3,ENSG00000066230
3190,ACADS,ENSG00000122971
3201,UBE3A,ENSG00000114062
3211,MME,ENSG00000196549
3258,CD19,ENSG00000177455
3265,GBA1,ENSG00000177628
3274,RPSA,ENSG00000168028
3282,EREG,ENSG00000124882
3284,MAOB,ENSG00000069535
3291,MS4A1,ENSG00000156738
3298,GSK3B,ENSG00000082701
3299,ERBB3,ENSG00000065361
3301,HTR2A,ENSG00000102468
3305,TGFBR1,ENSG00000106799
3323,CXCR2,ENSG00000180871
3324,HDAC3,ENSG00000171720
3331,TNFSF11,ENSG00000120659
3370,GAA,ENSG00000171298
3384,P2RX7,ENSG00000089041
3391,VIP,ENSG00000146469
3395,TRPC6,ENSG00000137672
3397,FGFR3,ENSG00000068078
3428,CSF2RB,ENSG00000100368
3440,RRM1,ENSG00000167325
3453,THRB,ENSG00000151090
3455,IGLC2,ENSG00000211677
3467,CD9,ENSG00000010278
3471,SMN1,ENSG00000172062
3474,LGALS3BP,ENSG00000108679
3476,GSR,ENSG00000104687
3477,CTNNB1,ENSG00000168036
3480,CCL26,ENSG00000006606
3512,FLT3,ENSG00000122025
3517,CYP3A5,ENSG00000106258
3529,FASN,ENSG00000169710
3532,MAPKAPK2,ENSG00000162889
3541,KCNJ8,ENSG00000121361
3543,MAP3K5,ENSG00000197442
3548,MASP2,ENSG00000009724
3558,TMSB4X,ENSG00000205542
3569,TAF8,ENSG00000137413
3571,NR1H4,ENSG00000012504
3575,EFNB2,ENSG00000125266
3581,MYH7,ENSG00000092054
3591,PVR,ENSG00000073008
3592,PTGER4,ENSG00000171522
3612,GRIN1,ENSG00000176884
3619,CD38,ENSG00000004468
3625,MET,ENSG00000105976
3634,PROC,ENSG00000115718
3636,ZNF606,ENSG00000166704
3647,ACP3,ENSG00000014257
3654,ADRA2A,ENSG00000150594
3656,NLRC4,ENSG00000091106
3666,EPHB1,ENSG00000154928
3678,LDHA,ENSG00000134333
3684,LILRB2,ENSG00000131042
3691,DMD,ENSG00000198947
3696,SIRT2,ENSG00000068903
3697,IRAK1,ENSG00000184216
3703,TIGIT,ENSG00000181847
3709,STING1,ENSG00000184584
3733,TAS2R50,ENSG00000212126
3754,APP,ENSG00000142192
3770,CD80,ENSG00000121594
3773,BAD,ENSG00000002330
3789,SLC6A2,ENSG00000103546
3795,CD44,ENSG00000026508
3809,APOBEC1,ENSG00000111701
3819,CCN2,ENSG00000118523
3823,GLP2R,ENSG00000065325
3830,IL3RA,ENSG00000185291
3841,HTR1B,ENSG00000135312
3867,NTRK1,ENSG00000198400
3871,XK,ENSG00000047597
3886,AKR1A1,ENSG00000117448
3892,ATR,ENSG00000175054
3893,RIPK1,ENSG00000137275
3899,IDH1,ENSG00000138413
3925,ALPL,ENSG00000162551
3927,RARA,ENSG00000131759
3930,GATA3,ENSG00000107485
3955,CAPN1,ENSG00000014216
3966,ATF4,ENSG00000128272
3968,GHSR,ENSG00000121853
4041,NR4A3,ENSG00000119508
4044,TRIM55,ENSG00000147573
4082,TNFSF13,ENSG00000161955
4100,IL1RAP,ENSG00000196083
4104,DCTN3,ENSG00000137100
4129,LIPT1,ENSG00000144182
4139,CCR3,ENSG00000183625
4146,PGR,ENSG00000082175
4166,NR4A2,ENSG00000153234
4179,MYL4,ENSG00000198336
4184,ADRA1A,ENSG00000120907
4187,CPT1B,ENSG00000205560
4188,EGLN1,ENSG00000135766
4206,EEF2,ENSG00000167658
4281,BPI,ENSG00000101425
4285,MAPK8IP3,ENSG00000138834
4299,CD70,ENSG00000125726
4300,ITGB1,ENSG00000150093
4303,NRP1,ENSG00000099250
4319,AAMP,ENSG00000127837
4336,DCT,ENSG00000080166
4337,DECR1,ENSG00000104325
4338,GPC3,ENSG00000147257
4358,ESRRA,ENSG00000173153
4373,HCRTR1,ENSG00000121764
4419,DRD4,ENSG00000069696
4420,AURKA,ENSG00000087586
4423,ANK1,ENSG00000029534
4433,GRIN3A,ENSG00000198785
4448,IRAK4,ENSG00000198001
4451,CFI,ENSG00000205403
4452,CTSC,ENSG00000109861
4465,CSF1R,ENSG00000182578
4466,SLC22A12,ENSG00000197891
4476,HTR3A,ENSG00000166736
4482,GRM1,ENSG00000152822
4520,IL17F,ENSG00000112116
4525,LRRC4,ENSG00000128594
4534,RORC,ENSG00000143365
4535,CTLA4,ENSG00000163599
4536,APAF1,ENSG00000120868
4543,LPAR1,ENSG00000198121
4564,CA9,ENSG00000107159
4567,PIGF,ENSG00000151665
4579,SIL1,ENSG00000120725
4612,SLC12A3,ENSG00000070915
4634,FOLR3,ENSG00000110203
4640,CYSLTR1,ENSG00000173198
4646,MTNR1B,ENSG00000134640
4648,JAK1,ENSG00000162434
4660,DCP1B,ENSG00000151065
4684,SLC5A5,ENSG00000105641
4692,HRH1,ENSG00000196639
4695,ATP2A2,ENSG00000174437
4703,AMBP,ENSG00000106927
4704,ABRAXAS2,ENSG00000165660
4715,PARP2,ENSG00000129484
4723,BDKRB1,ENSG00000100739
4743,AQP5,ENSG00000161798
4744,ABCD1,ENSG00000101986
4750,SERPING1,ENSG00000149131
4754,CDK9,ENSG00000136807
4757,CSN3,ENSG00000171209
4759,AHSP,ENSG00000169877
4760,IFITM2,ENSG00000185201
4764,KHK,ENSG00000138030
4783,MAP2K1,ENSG00000169032
4786,CLPP,ENSG00000125656
4803,SARDH,ENSG00000123453
4822,GP5,ENSG00000178732
4838,HDAC11,ENSG00000163517
4840,LINC00652,ENSG00000179935
4849,ALK,ENSG00000171094
4853,IGF1R,ENSG00000140443
4858,TOMM20,ENSG00000173726
4876,BRAF,ENSG00000157764
4910,HCAR2,ENSG00000182782
4924,MYLK,ENSG00000065534
5017,MYO18B,ENSG00000133454
5018,PIGT,ENSG00000124155
5024,ACTG1,ENSG00000184009
5027,MTREX,ENSG00000039123
5031,ID1,ENSG00000125968
5034,KIF26B,ENSG00000162849
5072,RPE65,ENSG00000116745
5116,AMD1,ENSG00000123505
5161,PTGIR,ENSG00000160013
5170,IL22RA1,ENSG00000142677
5186,MUC1,ENSG00000185499
5196,CHRM2,ENSG00000181072
5201,KCNMA1,ENSG00000156113
5203,CDK4,ENSG00000135446
5211,CPB1,ENSG00000153002
5212,SMPD1,ENSG00000166311
5222,IL4R,ENSG00000077238
5233,CRTAP,ENSG00000170275
5242,CYP8B1,ENSG00000180432
5253,B4GALNT1,ENSG00000135454
5260,IFNAR1,ENSG00000142166
5269,IFNAR2,ENSG00000159110
5287,GPR39,ENSG00000183840
5314,MAP2K2,ENSG00000126934
5330,OGA,ENSG00000198408
5349,NIF3L1,ENSG00000196290
5350,ALAS1,ENSG00000023330
5376,OPRK1,ENSG00000082556
5378,CA8,ENSG00000178538
5383,DNTT,ENSG00000107447
5401,KDM1A,ENSG00000004487
5404,PLEC,ENSG00000178209
5422,HAO1,ENSG00000101323
5432,CDC25C,ENSG00000158402
5440,SMO,ENSG00000128602
5455,CRLS1,ENSG00000088766
5456,ACADVL,ENSG00000072778
5483,ACACB,ENSG00000076555
5491,B3GAT2,ENSG00000112309
5499,ABHD14B,ENSG00000114779
5510,ABCD2,ENSG00000173208
5538,CASP2,ENSG00000106144
5543,RAP2C,ENSG00000123728
5559,BLOC1S6,ENSG00000104164
5561,IDH2,ENSG00000182054
5582,LRRK2,ENSG00000188906
5587,KCNQ5,ENSG00000185760
5590,SCN10A,ENSG00000185313
5592,NTRK3,ENSG00000140538
5594,GNRHR,ENSG00000109163
5617,MDM2,ENSG00000135679
5619,CALCR,ENSG00000004948
5623,MAP4K1,ENSG00000104814
5634,CHRM1,ENSG00000168539
5650,H4C2,ENSG00000278705
5715,CD3E,ENSG00000198851
5735,CCNL2,ENSG00000221978
5737,COL12A1,ENSG00000111799
5764,OXTR,ENSG00000180914
5790,AKR1C3,ENSG00000196139
5792,DGUOK,ENSG00000114956
5826,TMEM97,ENSG00000109084
5831,TAS2R62P,ENSG00000234066
5844,OSMR,ENSG00000145623
5873,ANXA4,ENSG00000196975
5906,SLC11A2,ENSG00000110911
5907,ATP2A1,ENSG00000196296
5915,GSC,ENSG00000133937
5952,XIAP,ENSG00000101966
5961,HTRA3,ENSG00000170801
5965,LTB4R,ENSG00000213903
5971,DAPK3,ENSG00000167657
5973,HPGD,ENSG00000164120
6000,MARCKS,ENSG00000277443
6005,MEN1,ENSG00000133895
6027,INHBA,ENSG00000122641
6043,DRD3,ENSG00000151577
6045,KCNQ2,ENSG00000075043
6047,KCNH1,ENSG00000143473
6081,GRIN2B,ENSG00000273079
6084,SLC6A3,ENSG00000142319
6086,SCN9A,ENSG00000169432
6087,SCN11A,ENSG00000168356
6088,GRIN2D,ENSG00000105464
6096,ESRRB,ENSG00000119715
6098,CDKN2C,ENSG00000123080
6106,GYPC,ENSG00000136732
6142,AREL1,ENSG00000119682
6153,ITGA4,ENSG00000115232
6155,SLC6A1,ENSG00000157103
6156,GRIA2,ENSG00000120251
6163,SLC18A2,ENSG00000165646
6204,TPH1,ENSG00000129167
6205,RGMA,ENSG00000182175
6210,MC1R,ENSG00000258839
6214,AVPR1A,ENSG00000166148
6254,DAO,ENSG00000110887
6258,MRGPRX2,ENSG00000183695
6262,PDGFRA,ENSG00000134853
6272,SV2A,ENSG00000159164
6274,DLD,ENSG00000091140
6284,TACR1,ENSG00000115353
6298,JAK3,ENSG00000105639
6305,CACNA1B,ENSG00000148408
6319,TTC39A,ENSG00000085831
6372,DHFR,ENSG00000228716
6373,CPT2,ENSG00000157184
6374,ATAT1,ENSG00000137343
6384,PLEKHA3,ENSG00000116095
6393,SLC6A9,ENSG00000196517
6395,FCGR2B,ENSG00000072694
6406,NUPR1,ENSG00000176046
6409,AOC1,ENSG00000002726
6433,BTN2A1,ENSG00000112763
6444,CHRNA7,ENSG00000175344
6479,MGAM,ENSG00000257335
6485,TLR7,ENSG00000196664
6494,SPHK2,ENSG00000063176
6509,DRD1,ENSG00000184845
6513,GRM2,ENSG00000164082
6535,MUC2,ENSG00000198788
6571,H1-3,ENSG00000124575
6574,OTULIN,ENSG00000154124
6605,IGKV2D-26,ENSG00000211623
6631,CD5L,ENSG00000073754
6637,F12,ENSG00000131187
6665,IL5RA,ENSG00000091181
6674,PTPRB,ENSG00000127329
6678,BBS2,ENSG00000125124
6691,NPFF,ENSG00000139574
6730,IRF6,ENSG00000117595
6731,IL10RA,ENSG00000110324
6767,AVPR2,ENSG00000126895
6776,GLRA2,ENSG00000101958
6779,CCR4,ENSG00000183813
6799,DLX6,ENSG00000006377
6805,FOLR1,ENSG00000110195
6858,HTR2C,ENSG00000147246
6862,RPTOR,ENSG00000141564
6909,MUC4,ENSG00000145113
6910,NDST1,ENSG00000070614
6911,BRD8,ENSG00000112983
6933,GBE1,ENSG00000114480
6934,NCSTN,ENSG00000162736
6956,MOGAT2,ENSG00000166391
6958,ARF6,ENSG00000165527
6986,SQLE,ENSG00000104549
7000,MIR132,ENSG00000267200
7001,PIP4P2,ENSG00000155099
7005,LINC01194,ENSG00000248131
7006,NGRN,ENSG00000182768
7009,CKAP2,ENSG00000136108
7014,STYK1,ENSG00000060140
7054,AIFM3,ENSG00000183773
7060,XCL1,ENSG00000143184
7069,DUSP26,ENSG00000133878
7071,BLOC1S1,ENSG00000135441
7091,IGHG1,ENSG00000211896
7096,MPL,ENSG00000117400
7100,CHEK2,ENSG00000183765
7105,IL17C,ENSG00000124391
7109,FBLN2,ENSG00000163520
7112,NDRG3,ENSG00000101079
7114,TRIM62,ENSG00000116525
7124,C1QA,ENSG00000173372
7146,PARD3,ENSG00000148498
7147,LPP,ENSG00000145012
7161,CD3D,ENSG00000167286
7165,MAP2K6,ENSG00000108984
7171,GLUD1,ENSG00000148672
7179,IL31RA,ENSG00000164509
7190,DPYD,ENSG00000188641
7213,TOP2A,ENSG00000131747
7248,TNFRSF8,ENSG00000120949
7270,ATP1A4,ENSG00000132681
7299,PTGFR,ENSG00000122420
16706,CACNA2D1,ENSG00000153956
16729,ALCAM,ENSG00000170017
16738,CD3G,ENSG00000160654
16756,CLDN2,ENSG00000165376
16773,HAS3,ENSG00000103044
16776,AHCYL1,ENSG00000168710
16782,STAG2,ENSG00000101972
16785,RNF6,ENSG00000127870
16787,STBD1,ENSG00000118804
16790,KIR3DL2,ENSG00000240403
16791,AGFG2,ENSG00000106351
16794,COL9A3,ENSG00000092758
16811,SEMA3D,ENSG00000153993
16855,MRPL15,ENSG00000137547
16870,OSR2,ENSG00000164920
16874,PLOD3,ENSG00000106397
16890,SMN2,ENSG00000205571
16898,NKX2-2,ENSG00000125820
16929,SLC26A3,ENSG00000091138
16950,TNKS2,ENSG00000107854
16954,GRM7,ENSG00000196277
16983,TRPC5,ENSG00000072315
17010,COL13A1,ENSG00000197467
17042,TAAR1,ENSG00000146399
17066,METAP2,ENSG00000111142
17074,MADCAM1,ENSG00000099866
17081,CRYL1,ENSG00000165475
17094,ARRDC3,ENSG00000113369
17105,HSF1,ENSG00000185122
17130,EFNA4,ENSG00000243364
17135,ABCA2,ENSG00000107331
17144,ANK3,ENSG00000151150
17222,DPAGT1,ENSG00000172269
17224,CLDN10,ENSG00000134873
17227,NFE4,ENSG00000230257
17230,SLC2A14,ENSG00000173262
17251,TRPC4,ENSG00000133107
17256,HCRTR2,ENSG00000137252
17296,DLX4,ENSG00000108813
17374,STK24,ENSG00000102572
17379,DPYSL5,ENSG00000157851
17414,GPRC5D,ENSG00000111291
17468,CDC7,ENSG00000097046
17474,RHOBTB2,ENSG00000008853
17521,CHRM5,ENSG00000184984
17559,CACNA1I,ENSG00000100346
17582,TYRO3,ENSG00000092445
17592,EMC2,ENSG00000104412
17630,THRA,ENSG00000126351
17670,GM2A,ENSG00000196743
17728,RARG,ENSG00000172819
17745,TNNC2,ENSG00000101470
17763,CUL4A,ENSG00000139842
17799,AKR1C4,ENSG00000198610
17812,CYP2A7,ENSG00000198077
17835,LINC01356,ENSG00000215866
17836,INSC,ENSG00000188487
17838,CYP2A13,ENSG00000197838
17847,SIGLEC8,ENSG00000105366
17852,CSF2RA,ENSG00000198223
17873,AMPD3,ENSG00000133805
17886,ROR1,ENSG00000185483
17897,DLL3,ENSG00000090932
17900,TNFRSF17,ENSG00000048462
17950,PRDM15,ENSG00000141956
17970,HTR4,ENSG00000164270
17983,CTNNA1,ENSG00000044115
18003,SLAMF7,ENSG00000026751
18042,COG8,ENSG00000213380
18069,HOXA3,ENSG00000105997
18121,FRGCA,ENSG00000236663
18153,ITGB6,ENSG00000115221
18221,GBP1,ENSG00000117228
18463,PSMD1,ENSG00000173692
18470,BTLA,ENSG00000186265
18554,ARSF,ENSG00000062096
18572,MS4A2,ENSG00000149534
18670,PLK3,ENSG00000173846
18737,PORCN,ENSG00000102312
18772,DPYSL3,ENSG00000113657
18778,POLA1,ENSG00000101868
18805,FCGRT,ENSG00000104870
18812,GART,ENSG00000159131
18936,GABBR1,ENSG00000204681
19044,EHHADH,ENSG00000113790
19102,ALDH1B1,ENSG00000137124
19108,COL16A1,ENSG00000084636
19219,XPO1,ENSG00000082898
19310,DKC1,ENSG00000130826
19354,DCK,ENSG00000156136
19453,IL11RA,ENSG00000137070
19457,EPHB3,ENSG00000182580
19548,INHA,ENSG00000123999
19572,DNAH9,ENSG00000007174
19683,HNRNPAB,ENSG00000197451
19740,MRPL36,ENSG00000171421
19782,GCGR,ENSG00000215644
19790,POLE3,ENSG00000148229
19824,FXYD2,ENSG00000137731
19833,PARP3,ENSG00000041880
19881,PPP3CA,ENSG00000138814
19897,FANCG,ENSG00000221829
19915,PISD,ENSG00000241878
19932,IFNLR1,ENSG00000185436
19999,CD79B,ENSG00000007312
20124,SV2B,ENSG00000185518
20154,NCBP1,ENSG00000136937
20157,GABBR2,ENSG00000136928
20252,KCNT1,ENSG00000107147
20396,BCL7A,ENSG00000110987
20563,HRH4,ENSG00000134489
20843,GPR119,ENSG00000147262
20878,AMHR2,ENSG00000135409
20944,MSLN,ENSG00000102854
20968,FNTA,ENSG00000168522
21013,MLST8,ENSG00000167965
21040,SLC6A5,ENSG00000165970
21082,SLC17A9,ENSG00000101194
21094,PRKD3,ENSG00000115825
21108,PIK3R5,ENSG00000141506
21165,EIF4EBP2,ENSG00000148730
21224,GRIK3,ENSG00000163873
21336,SLC10A1,ENSG00000100652
21358,PIGW,ENSG00000277161
21395,AMY1C,ENSG00000187733
21398,AMY1B,ENSG00000174876
21474,CASP10,ENSG00000003400
21656,COX6A1,ENSG00000111775
21932,BCKDHA,ENSG00000248098
22009,ATP6V1B1,ENSG00000116039
22136,FUT6,ENSG00000156413
22186,SC5D,ENSG00000109929
22203,HLCS,ENSG00000159267
22281,OVCH1,ENSG00000187950
22324,CALCB,ENSG00000175868
22353,AADAC,ENSG00000114771
22378,CDK7,ENSG00000134058
22460,ALDH1A3,ENSG00000184254
22579,SRD5A2,ENSG00000277893
22620,NUDT2,ENSG00000164978
22640,SRD5A1,ENSG00000145545
22654,AVPR1B,ENSG00000198049
22720,HTR6,ENSG00000158748
22789,RNASEH1,ENSG00000171865
22883,CYP51A1,ENSG00000001630
22949,NANOG,ENSG00000111704
23032,TRDMT1,ENSG00000107614
23097,BBS1,ENSG00000174483
23098,GAS1,ENSG00000180447
23163,BUB1,ENSG00000169679
23257,DPP6,ENSG00000130226
23282,PIK3R4,ENSG00000196455
23429,COL9A2,ENSG00000049089
23469,H1-2,ENSG00000187837
23470,ACRV1,ENSG00000134940
23507,NR2F6,ENSG00000160113
23511,PSENEN,ENSG00000205155
23516,DXO,ENSG00000204348
23775,MAGEA3,ENSG00000221867
23918,FPGS,ENSG00000136877
24200,GBX2,ENSG00000168505
24216,CRYBB3,ENSG00000100053
24537,H2BC5,ENSG00000158373
24557,EEF1G,ENSG00000254772
24628,EEF1D,ENSG00000104529
25126,POLR3D,ENSG00000168495
25178,TARBP1,ENSG00000059588
25285,PSMB11,ENSG00000222028
25389,GPM6B,ENSG00000046653
25544,FTH1P3,ENSG00000213453
25708,LILRA4,ENSG00000239961
25845,GMPR,ENSG00000137198
26065,APBB1,ENSG00000166313
26145,HTR3E,ENSG00000186038
26208,DRG2,ENSG00000108591
26293,ARL1,ENSG00000120805
26719,ACTBP2,ENSG00000213763
26794,CTNNA1P1,ENSG00000249026
27280,KCNA10,ENSG00000143105
27315,GUCY1B2,ENSG00000123201
27678,STK10,ENSG00000072786
27748,PNLIPRP3,ENSG00000203837
27757,ANKRD10-IT1,ENSG00000229152
27814,CD300LD,ENSG00000204345
27842,TTYH2,ENSG00000141540
27865,ZNF829,ENSG00000185869
27872,CD8B2,ENSG00000254126
27882,ALG1L2,ENSG00000251287
27912,TPD52L3,ENSG00000170777
27913,OR5M8,ENSG00000181371
27922,REEP4,ENSG00000168476
27923,TPRKB,ENSG00000144034
27925,METTL25B,ENSG00000143303
27926,SNX21,ENSG00000124104
27927,MGARP,ENSG00000137463
27930,SCDP1,ENSG00000226549
27940,B3GNT8,ENSG00000177191
27948,ROGDI,ENSG00000067836
27951,MIR452,ENSG00000283751
27969,LINC02023,ENSG00000239205
27991,TEN1,ENSG00000257949
27993,TRGV4,ENSG00000211698
28035,CSTP1,ENSG00000228476
28078,RPL28,ENSG00000108107
30194,GPR20,ENSG00000204882
31427,GSTP1P1,ENSG00000257569
31588,NBEAP1,ENSG00000258590
31658,NATP,ENSG00000253937
32260,AMD1P2,ENSG00000237801
36737,MIR155HG,
72346,gyrA,
72353,cyp51,
72463,HDAC1,
72579,pol,
72583,gag,
72603,reverse,
72630,S,
72637,NS5B,
72639,NS3,
72643,NS5A,
72648,F,
72674,pbp2,
72676,mecA,
81228,A2MP1,ENSG00000291190
82276,NDUFA4L2,
