ensembl_id,ot_overall_max,ot_genetic_max,ot_animal_model_max,release,release_date,era
ENSG00000000971,0.8704463450144797,0.9559442442546389,0.7069305741209811,23.06,2023-06-01,B1
ENSG00000001626,0.9132369831541338,0.969483197892917,0.764300727823748,23.06,2023-06-01,B1
ENSG00000001630,0.4557238712220615,0.5988815067868928,0.5364003176314585,23.06,2023-06-01,B1
ENSG00000002330,0.5092419888530028,0.29879524560797965,0.8565879244747384,23.06,2023-06-01,B1
ENSG00000002726,0.41550676699844746,0.6818052713013947,0.5299063644021739,23.06,2023-06-01,B1
ENSG00000003400,0.769492881851475,0.8213122450565924,,23.06,2023-06-01,B1
ENSG00000003436,0.5820513839534014,0.6773872466503923,0.4082381958211537,23.06,2023-06-01,B1
ENSG00000004468,0.6613012711863451,0.6695326848434122,0.8793248932674084,23.06,2023-06-01,B1
ENSG00000004487,0.6060624072320758,0.599825053643466,0.8195639290495839,23.06,2023-06-01,B1
ENSG00000004948,0.7164851469197328,0.8371211980245572,0.8327187475851431,23.06,2023-06-01,B1
ENSG00000005249,0.45327943846574126,0.7456102573624187,0.5730609002786146,23.06,2023-06-01,B1
ENSG00000005381,0.7772405282415701,0.9279393627967654,0.8617275725822422,23.06,2023-06-01,B1
ENSG00000006071,0.9224422820908542,0.9743128017149666,0.8878252635543514,23.06,2023-06-01,B1
ENSG00000006377,0.5107911596172183,0.8057848077668485,0.6157596502439912,23.06,2023-06-01,B1
ENSG00000006606,0.19642423715171867,0.24452327637267426,0.5512867666042905,23.06,2023-06-01,B1
ENSG00000007174,0.782833815054667,0.8753172636909289,0.29442088528330806,23.06,2023-06-01,B1
ENSG00000007312,0.835113434608179,0.7412996058326538,0.7775110710894694,23.06,2023-06-01,B1
ENSG00000007314,0.9136224128048769,0.9717604983486612,0.894863490168833,23.06,2023-06-01,B1
ENSG00000008853,0.6694203988246487,0.8115200669451129,,23.06,2023-06-01,B1
ENSG00000009724,0.785933208169847,0.9420346653602659,,23.06,2023-06-01,B1
ENSG00000010278,0.5337901014816792,0.7695989304383979,0.9538383745342195,23.06,2023-06-01,B1
ENSG00000010610,0.7432884122601726,0.4844051961474103,0.8542977499311436,23.06,2023-06-01,B1
ENSG00000010671,0.914297925720107,0.9631558073252523,0.8099676913071499,23.06,2023-06-01,B1
ENSG00000012504,0.7830985124296577,0.9028022208906122,0.6905275554764964,23.06,2023-06-01,B1
ENSG00000014216,0.788862833976907,0.8786006824986399,0.8080015662646892,23.06,2023-06-01,B1
ENSG00000014257,0.5864560874442354,0.7659546055263365,0.48951096240674435,23.06,2023-06-01,B1
ENSG00000015520,0.694647995356523,0.9141145644676506,0.6109900575131338,23.06,2023-06-01,B1
ENSG00000019991,0.6769591090572425,0.8038822797500567,0.6804009257309328,23.06,2023-06-01,B1
ENSG00000022355,0.8902105022168062,0.8931884631764946,0.9641398147149421,23.06,2023-06-01,B1
ENSG00000023330,0.5379684030525325,0.30888851793413136,0.5289785899532976,23.06,2023-06-01,B1
ENSG00000026025,0.5848226068185006,0.7486652359317608,0.4782924635711851,23.06,2023-06-01,B1
ENSG00000026508,0.6445675545625953,0.8556696616257479,0.8846960831059528,23.06,2023-06-01,B1
ENSG00000026751,0.5917383980180265,0.6577348077575721,0.2538719010826129,23.06,2023-06-01,B1
ENSG00000029534,0.7723723327937438,0.9578614195544072,0.870564114208299,23.06,2023-06-01,B1
ENSG00000033627,0.5244096718708322,0.8402617147328152,,23.06,2023-06-01,B1
ENSG00000039123,0.17070079281441822,0.2807898423390471,,23.06,2023-06-01,B1
ENSG00000041880,0.6143904706535588,0.31056686574198117,,23.06,2023-06-01,B1
ENSG00000043591,0.733302144918778,0.7971005062678934,,23.06,2023-06-01,B1
ENSG00000044115,0.7813116241011654,0.8839344563248679,0.8480471483864365,23.06,2023-06-01,B1
ENSG00000046653,0.32845037938754407,0.5362483923022526,,23.06,2023-06-01,B1
ENSG00000047457,0.8180521108523979,0.9403065286523128,0.8732449117742294,23.06,2023-06-01,B1
ENSG00000047597,0.7538007695764473,0.8367969359686201,0.8363326930237432,23.06,2023-06-01,B1
ENSG00000047936,0.8224846334918308,0.7726320131623367,0.9391046031143159,23.06,2023-06-01,B1
ENSG00000048052,0.7021276882683797,0.8445854065644571,0.6069244799230918,23.06,2023-06-01,B1
ENSG00000048462,0.743763091435652,0.5225801991507575,0.8404725889219372,23.06,2023-06-01,B1
ENSG00000049089,0.7238864481362793,0.8311468416787304,0.583882914355801,23.06,2023-06-01,B1
ENSG00000057252,0.5161350993850735,0.696834949692388,0.9240792292056353,23.06,2023-06-01,B1
ENSG00000057593,0.8657944444280025,0.9363931614006006,0.716102417327837,23.06,2023-06-01,B1
ENSG00000059378,0.47629562947688514,0.7834701438849763,0.44434125981200384,23.06,2023-06-01,B1
ENSG00000059588,0.32277115658476324,0.5309340435668581,0.45755911482238665,23.06,2023-06-01,B1
ENSG00000060140,0.20032369953282625,0.3295172745316381,,23.06,2023-06-01,B1
ENSG00000060971,0.34854477878707163,0.5727217642209665,,23.06,2023-06-01,B1
ENSG00000061918,0.7105749813562501,0.725008529482554,0.49149851049568544,23.06,2023-06-01,B1
ENSG00000062096,0.3715809875491233,0.30825744790200854,,23.06,2023-06-01,B1
ENSG00000062282,0.5758518940539654,0.7572457286674332,0.2777027883489885,23.06,2023-06-01,B1
ENSG00000063176,0.3468433146443901,0.43838768264318007,0.6910558998622539,23.06,2023-06-01,B1
ENSG00000064989,0.7718848539778822,0.7777985931527218,0.44969390723649644,23.06,2023-06-01,B1
ENSG00000065325,0.6487399291342135,0.6000083973126218,,23.06,2023-06-01,B1
ENSG00000065361,0.8918845452122086,0.779325760626302,0.47729745917382077,23.06,2023-06-01,B1
ENSG00000065534,0.7934168063370389,0.8708470614793505,0.4873375917253958,23.06,2023-06-01,B1
ENSG00000066230,0.7516602806072676,0.8014440744708574,0.661459210946432,23.06,2023-06-01,B1
ENSG00000066468,0.9341455420624406,0.9855349019527206,0.7661606811060285,23.06,2023-06-01,B1
ENSG00000067836,0.8218945650192339,0.9056389381337558,,23.06,2023-06-01,B1
ENSG00000068024,0.8039569094792772,0.8305442540770176,0.6465481602956139,23.06,2023-06-01,B1
ENSG00000068078,0.9331222413035518,0.9811600679718823,0.7982251800156267,23.06,2023-06-01,B1
ENSG00000068903,0.22030280567350466,0.3044471987324073,0.5556953108870405,23.06,2023-06-01,B1
ENSG00000069535,0.7056204242643678,0.27694625224529407,0.9101412226338087,23.06,2023-06-01,B1
ENSG00000069696,0.7362662464059733,0.26468496482080317,,23.06,2023-06-01,B1
ENSG00000069764,0.5018536266822344,0.19453785523571876,0.7182590450270722,23.06,2023-06-01,B1
ENSG00000070614,0.6171213997195489,0.7900201372521856,0.6838474626665257,23.06,2023-06-01,B1
ENSG00000070915,0.8892087899643016,0.9489140523824319,0.6001273620740503,23.06,2023-06-01,B1
ENSG00000070961,0.6574683191003325,0.7358055793059427,0.6176079413369103,23.06,2023-06-01,B1
ENSG00000072274,0.7342518415896204,0.9535365830332587,0.8771799819630968,23.06,2023-06-01,B1
ENSG00000072315,0.3002822677153583,0.3720833180549735,0.7058694424166029,23.06,2023-06-01,B1
ENSG00000072694,0.6491299118186372,0.6983822465503046,0.8579860801886422,23.06,2023-06-01,B1
ENSG00000072778,0.8575943814488485,0.9300114787863764,0.8712016606015318,23.06,2023-06-01,B1
ENSG00000072786,0.693721475181392,0.8307764675675894,0.5660376108695402,23.06,2023-06-01,B1
ENSG00000073008,0.5011459724232143,0.6583619762504229,0.817379913986103,23.06,2023-06-01,B1
ENSG00000073754,0.31341248445188796,0.5022941713882234,0.7282458726178109,23.06,2023-06-01,B1
ENSG00000073756,0.6894866153364114,0.49773030038165705,0.7015315301420932,23.06,2023-06-01,B1
ENSG00000074416,0.29874362670974625,0.27694625224529407,0.6104313660183146,23.06,2023-06-01,B1
ENSG00000075043,0.8670854282180132,0.935974972206806,0.9352582494398727,23.06,2023-06-01,B1
ENSG00000075239,0.8251043736133473,0.8957915953829698,,23.06,2023-06-01,B1
ENSG00000076555,0.41700381098818495,0.547137717850459,0.560252470083365,23.06,2023-06-01,B1
ENSG00000077238,0.7656740827593589,0.8795533000992679,0.8024248563707655,23.06,2023-06-01,B1
ENSG00000077782,0.9199872612754917,0.9652959654265673,0.810120265327659,23.06,2023-06-01,B1
ENSG00000079277,0.37603831633178225,0.3065908503795827,,23.06,2023-06-01,B1
ENSG00000079999,0.8083802764391715,0.607930797611621,0.44649469590208163,23.06,2023-06-01,B1
ENSG00000080166,0.47750067967525966,0.6226506946645443,0.9076451473680043,23.06,2023-06-01,B1
ENSG00000080824,0.7597820334200628,0.5782975149382673,0.9425986337385843,23.06,2023-06-01,B1
ENSG00000082175,0.6894824725831442,0.7640578891392882,0.9395865416973462,23.06,2023-06-01,B1
ENSG00000082556,0.6872001445742634,0.6719709403796507,0.7216814046313954,23.06,2023-06-01,B1
ENSG00000082701,0.7910345974464328,0.5361348290867376,0.7272147988509671,23.06,2023-06-01,B1
ENSG00000082898,0.8485498860397047,0.7992351314583866,0.6152379818915662,23.06,2023-06-01,B1
ENSG00000084636,0.47075223916783204,0.6979610739876956,0.5341251373307864,23.06,2023-06-01,B1
ENSG00000084674,0.8816430470931196,0.9707575559569106,0.8586751769370905,23.06,2023-06-01,B1
ENSG00000084734,0.6315373019917218,0.8310647257521332,0.8293835327199145,23.06,2023-06-01,B1
ENSG00000085831,0.46087841829298065,0.7581100021641191,0.6326496657598826,23.06,2023-06-01,B1
ENSG00000086205,0.5704414636732043,0.8032374225352207,0.8439090155800328,23.06,2023-06-01,B1
ENSG00000086548,0.42802614977732634,0.607930797611621,0.5775829722203493,23.06,2023-06-01,B1
ENSG00000087085,0.7556503785672276,0.47649775571563824,0.8845185533638843,23.06,2023-06-01,B1
ENSG00000087586,0.6726194396829265,0.6537442975001395,0.6185145645976298,23.06,2023-06-01,B1
ENSG00000088766,0.3448254696113773,0.4832999937482835,,23.06,2023-06-01,B1
ENSG00000088926,0.8650520378684504,0.9390387767834927,0.7570146034139322,23.06,2023-06-01,B1
ENSG00000089041,0.4148081953708918,0.5781785921445031,0.9571904463238937,23.06,2023-06-01,B1
ENSG00000089692,0.43819514975963414,0.5262346308588634,0.5026314961581996,23.06,2023-06-01,B1
ENSG00000090339,0.5994116303484073,0.558727570785115,0.6843919588722388,23.06,2023-06-01,B1
ENSG00000090932,0.7385864337064648,0.8582661620951121,0.6248683348623785,23.06,2023-06-01,B1
ENSG00000091106,0.7931493456499938,0.8754986626660322,0.7680297025478251,23.06,2023-06-01,B1
ENSG00000091138,0.860080650468899,0.9464620843098369,0.5417155010763367,23.06,2023-06-01,B1
ENSG00000091140,0.8663934560962155,0.9273576309911374,,23.06,2023-06-01,B1
ENSG00000091181,0.611191812326474,0.8237040431738362,0.819003582674337,23.06,2023-06-01,B1
ENSG00000091513,0.8132783626159268,0.9000952595636731,0.879090634148627,23.06,2023-06-01,B1
ENSG00000091831,0.8906766780520893,0.8551696458996265,0.8735278261297232,23.06,2023-06-01,B1
ENSG00000092054,0.9200892983258956,0.9783747179008362,0.5642566231053711,23.06,2023-06-01,B1
ENSG00000092445,0.48579839631030963,0.6245910255413519,0.8637237779738416,23.06,2023-06-01,B1
ENSG00000092758,0.7617023387653675,0.8391072734188975,,23.06,2023-06-01,B1
ENSG00000094755,0.7451053069428912,0.3056603440567077,,23.06,2023-06-01,B1
ENSG00000095303,0.6645845301911594,0.5989790501614007,0.687496648657231,23.06,2023-06-01,B1
ENSG00000095970,0.8044645989204716,0.8990967071271267,0.5662862406847534,23.06,2023-06-01,B1
ENSG00000096968,0.911630214456824,0.9597597697958438,0.9183698110023911,23.06,2023-06-01,B1
ENSG00000097007,0.8975256174208396,0.9189945531836239,0.6365860538689053,23.06,2023-06-01,B1
ENSG00000097046,0.5842705997365515,0.5860937877229229,0.5472811338893514,23.06,2023-06-01,B1
ENSG00000099250,0.5294927617465885,0.8565603091855596,0.7526803119104467,23.06,2023-06-01,B1
ENSG00000099866,0.5470281378241888,0.36585642868813406,0.7356626048282496,23.06,2023-06-01,B1
ENSG00000099985,0.3195643653137611,0.5190183158120906,0.6475044100904431,23.06,2023-06-01,B1
ENSG00000099998,0.48225116723513733,0.7926586204772349,,23.06,2023-06-01,B1
ENSG00000100030,0.8511657137599762,0.9237038867887598,0.7352787901379755,23.06,2023-06-01,B1
ENSG00000100053,0.7878187372071137,0.868131103165597,0.6176340486201667,23.06,2023-06-01,B1
ENSG00000100311,0.804798505821722,0.9011094010469268,0.4487092741487152,23.06,2023-06-01,B1
ENSG00000100342,0.7439394213363302,0.8179571039208113,,23.06,2023-06-01,B1
ENSG00000100344,0.6945221431592444,0.8523179064475105,0.5686326426869811,23.06,2023-06-01,B1
ENSG00000100346,0.802589329684044,0.8121358193731716,0.7842389384833409,23.06,2023-06-01,B1
ENSG00000100368,0.7435946208540317,0.9065631205247522,0.6448686406744112,23.06,2023-06-01,B1
ENSG00000100385,0.7917816025224175,0.7622012739039802,0.7710795811343658,23.06,2023-06-01,B1
ENSG00000100453,0.4211442787584369,0.6661630232777312,0.812590872254295,23.06,2023-06-01,B1
ENSG00000100652,0.4349170863065065,0.607930797611621,0.4963464553908352,23.06,2023-06-01,B1
ENSG00000100739,0.31695178240082833,0.3056603440567077,0.5604512513553462,23.06,2023-06-01,B1
ENSG00000100823,0.5027649261124837,0.4316820995453862,0.44378948225648335,23.06,2023-06-01,B1
ENSG00000100985,0.5789852056422203,0.6497642038156416,0.8056832087874306,23.06,2023-06-01,B1
ENSG00000101079,0.5001964694476086,0.4861550654032686,0.7536670194220193,23.06,2023-06-01,B1
ENSG00000101194,0.5748863216767126,0.6876948377107315,0.7334222655979892,23.06,2023-06-01,B1
ENSG00000101323,0.6430060784066143,0.8017056879436113,,23.06,2023-06-01,B1
ENSG00000101425,0.49704220374027464,0.8169887523989058,,23.06,2023-06-01,B1
ENSG00000101470,0.45326353442106876,0.3039653988058105,,23.06,2023-06-01,B1
ENSG00000101665,0.6690749596999184,0.9185975666335463,0.600597788396441,23.06,2023-06-01,B1
ENSG00000101868,0.8697580858317223,0.8819835522268236,,23.06,2023-06-01,B1
ENSG00000101958,0.38874736327327564,0.24528318986968878,0.6326243298849165,23.06,2023-06-01,B1
ENSG00000101966,0.7825481023427857,0.891075148837851,0.6138830215159746,23.06,2023-06-01,B1
ENSG00000101972,0.7995809744135765,0.9066612367713315,,23.06,2023-06-01,B1
ENSG00000101981,0.8967126057547534,0.9490665946826267,0.9280628476940349,23.06,2023-06-01,B1
ENSG00000101986,0.8991660037469524,0.9655865393654014,0.9599059539365139,23.06,2023-06-01,B1
ENSG00000102312,0.8402958130698265,0.9120534075841388,0.694112883823998,23.06,2023-06-01,B1
ENSG00000102468,0.7261604628470744,0.7546234224242536,0.9279073244618976,23.06,2023-06-01,B1
ENSG00000102524,0.6347876618125196,0.8980989243024056,0.8160345642505793,23.06,2023-06-01,B1
ENSG00000102572,0.5062969348524002,0.7179673191032979,0.5892447089138221,23.06,2023-06-01,B1
ENSG00000102575,0.820300915378228,0.9078854811386795,0.7007774642169389,23.06,2023-06-01,B1
ENSG00000102755,0.7197172848073189,0.8920850370362396,0.702166837623868,23.06,2023-06-01,B1
ENSG00000102854,0.3170176391497555,0.5179608377786278,,23.06,2023-06-01,B1
ENSG00000102908,0.44422015729431413,0.7301004969371285,0.6753288264798702,23.06,2023-06-01,B1
ENSG00000102967,0.8640022631884342,0.9086702917081303,,23.06,2023-06-01,B1
ENSG00000102970,0.4122052482103157,0.6533111808457508,0.46980986767267285,23.06,2023-06-01,B1
ENSG00000103044,0.19269631338816662,0.2941017560777592,,23.06,2023-06-01,B1
ENSG00000103546,0.7770417042698453,0.7413898967181705,0.7432400972102,23.06,2023-06-01,B1
ENSG00000103569,0.45287279626733395,0.7412937770379724,0.6765959385614074,23.06,2023-06-01,B1
ENSG00000104044,0.8820103566778233,0.9684751714920024,0.9689689250633685,23.06,2023-06-01,B1
ENSG00000104164,0.788261416796628,0.8670932471409611,0.7785351675732903,23.06,2023-06-01,B1
ENSG00000104321,0.680067751615443,0.7626238248784751,0.8863888848448626,23.06,2023-06-01,B1
ENSG00000104325,0.44309768480734135,0.5278901858213826,0.5010588902871862,23.06,2023-06-01,B1
ENSG00000104412,0.5517275065052873,0.6610057854053384,,23.06,2023-06-01,B1
ENSG00000104529,0.43050785178569057,0.678180578668964,0.5228137194536462,23.06,2023-06-01,B1
ENSG00000104549,0.5696919701845211,0.5695967004120288,,23.06,2023-06-01,B1
ENSG00000104687,0.7699676672780049,0.7129153457129637,0.7533249180390057,23.06,2023-06-01,B1
ENSG00000104814,0.20324858400100657,0.3055983103018494,0.7893358025476429,23.06,2023-06-01,B1
ENSG00000104833,0.8774955882912104,0.9562254163945939,0.8166171891455112,23.06,2023-06-01,B1
ENSG00000104870,0.7018969854066334,0.922221780255249,0.5435670894684952,23.06,2023-06-01,B1
ENSG00000105329,0.8240280551632098,0.8809030730918574,0.9249058438941542,23.06,2023-06-01,B1
ENSG00000105366,0.2879624954663064,0.29966469814182994,0.7090628906717583,23.06,2023-06-01,B1
ENSG00000105379,0.7954239197065349,0.8884117646439227,0.6097945316648148,23.06,2023-06-01,B1
ENSG00000105388,0.5128974933200176,0.3816867671240867,0.5775829722203493,23.06,2023-06-01,B1
ENSG00000105397,0.8603114465528391,0.8871407122957964,0.7254886308649263,23.06,2023-06-01,B1
ENSG00000105464,0.8360003704859069,0.8982968650101687,0.3321125947352286,23.06,2023-06-01,B1
ENSG00000105550,0.41129880037362315,0.6404633899336436,0.5422613603289939,23.06,2023-06-01,B1
ENSG00000105639,0.9045180610178118,0.9038304365659864,0.8233193212488279,23.06,2023-06-01,B1
ENSG00000105641,0.7162985253699428,0.8281024430017064,0.5928229275668097,23.06,2023-06-01,B1
ENSG00000105650,0.6587834640748051,0.5346880151840498,0.593386053278763,23.06,2023-06-01,B1
ENSG00000105664,0.8674175072246127,0.93124802226336,0.681121827088801,23.06,2023-06-01,B1
ENSG00000105675,0.685450491785507,0.47262051218423723,0.7972994532282507,23.06,2023-06-01,B1
ENSG00000105697,0.8031416506973259,0.8828191874124564,0.8400609259320881,23.06,2023-06-01,B1
ENSG00000105851,0.7159875276919336,0.8120171983544295,0.8295639153042025,23.06,2023-06-01,B1
ENSG00000105971,0.47480094304050424,0.7540642530625709,0.7161717093156292,23.06,2023-06-01,B1
ENSG00000105976,0.9224248138727345,0.9108948604959398,0.8659718645451897,23.06,2023-06-01,B1
ENSG00000105997,0.37291212902350995,0.6106764472797818,0.4552722759466273,23.06,2023-06-01,B1
ENSG00000106144,0.35514609090200466,0.5372740751224075,0.2714411011335888,23.06,2023-06-01,B1
ENSG00000106258,0.6300511026712551,0.5926874048420281,,23.06,2023-06-01,B1
ENSG00000106351,0.21072791727188642,0.3466314226878678,0.8831689223418596,23.06,2023-06-01,B1
ENSG00000106397,0.7196213936889665,0.790296582625436,0.44370504742348177,23.06,2023-06-01,B1
ENSG00000106462,0.886700653850833,0.8933272608770401,0.4612158523439537,23.06,2023-06-01,B1
ENSG00000106546,0.7163505405794071,0.7522132393404917,0.754842183581424,23.06,2023-06-01,B1
ENSG00000106633,0.9168144741145374,0.9745960984395788,0.9738198034857581,23.06,2023-06-01,B1
ENSG00000106799,0.8692184405390194,0.939269778866374,0.6255720018488801,23.06,2023-06-01,B1
ENSG00000106804,0.8041074036299529,0.8867390694535284,0.9284292062602055,23.06,2023-06-01,B1
ENSG00000106927,0.45816106467656054,0.743457320942202,0.7205763685197507,23.06,2023-06-01,B1
ENSG00000107147,0.8607163032242908,0.9301416641473175,0.9509951446693862,23.06,2023-06-01,B1
ENSG00000107159,0.5497370325130219,0.3065705581143299,0.7554258722779409,23.06,2023-06-01,B1
ENSG00000107186,0.7001022433501647,0.8691952814143481,0.39772567071222104,23.06,2023-06-01,B1
ENSG00000107331,0.6908924349488889,0.7741175484988254,0.6118555433272413,23.06,2023-06-01,B1
ENSG00000107447,0.21818055383101045,0.33628931440276766,0.7463790209437262,23.06,2023-06-01,B1
ENSG00000107485,0.8772076265346636,0.9258313074936773,0.9576449005891058,23.06,2023-06-01,B1
ENSG00000107614,0.5031726339239262,0.8241936167430784,0.5082933489275686,23.06,2023-06-01,B1
ENSG00000107643,0.45958241004561573,0.49225803748960817,0.7979913757543542,23.06,2023-06-01,B1
ENSG00000107796,0.8633114293679899,0.92819734575132,0.6728252846813519,23.06,2023-06-01,B1
ENSG00000107854,0.5140494436434884,0.8438245003816922,,23.06,2023-06-01,B1
ENSG00000108107,0.6369383544340582,0.2942917344520128,,23.06,2023-06-01,B1
ENSG00000108576,0.7016906307647868,0.6779922477808074,0.897623912466292,23.06,2023-06-01,B1
ENSG00000108582,0.42578314725882577,0.5742146721107625,0.5030919382944422,23.06,2023-06-01,B1
ENSG00000108591,0.3195707574544828,0.5256696300137796,0.4602340839548145,23.06,2023-06-01,B1
ENSG00000108622,0.3510603861885626,0.2695772322748514,,23.06,2023-06-01,B1
ENSG00000108679,0.4125232090520475,0.6753186136532456,,23.06,2023-06-01,B1
ENSG00000108813,0.45097217122531397,0.5807061830014326,,23.06,2023-06-01,B1
ENSG00000108821,0.929324871884309,0.9841921314984822,0.8792669917075558,23.06,2023-06-01,B1
ENSG00000108839,0.5944693319441645,0.8897742701710087,0.5778144478781858,23.06,2023-06-01,B1
ENSG00000108984,0.550331233791616,0.8440120225967761,,23.06,2023-06-01,B1
ENSG00000109084,0.25554357164503505,0.4203497711400534,0.424882834450762,23.06,2023-06-01,B1
ENSG00000109158,0.7369949975994464,0.6787070218169315,,23.06,2023-06-01,B1
ENSG00000109163,0.8175789766883695,0.8634088973312192,0.7736518682782124,23.06,2023-06-01,B1
ENSG00000109320,0.804749970749056,0.8793921940101574,0.7529918435779948,23.06,2023-06-01,B1
ENSG00000109471,0.5456288206009132,0.6138941174249514,0.9300649418708196,23.06,2023-06-01,B1
ENSG00000109738,0.7506488439594787,0.8955696337194191,0.7001649588231644,23.06,2023-06-01,B1
ENSG00000109861,0.8739962751225205,0.9605648648486114,0.5678788219099493,23.06,2023-06-01,B1
ENSG00000109929,0.8013721513027575,0.8702743474606841,0.6217721744181811,23.06,2023-06-01,B1
ENSG00000110195,0.8115200045901979,0.8917325995791036,0.40208542954032617,23.06,2023-06-01,B1
ENSG00000110203,0.4292039583602956,0.12769202506106422,,23.06,2023-06-01,B1
ENSG00000110245,0.7092728331130339,0.9317184413422901,0.634356603663467,23.06,2023-06-01,B1
ENSG00000110321,0.5949819073985231,0.2901315957668261,0.44619694783635644,23.06,2023-06-01,B1
ENSG00000110324,0.8221195313634988,0.9089245625941352,0.9073713722592888,23.06,2023-06-01,B1
ENSG00000110799,0.9186057667191496,0.9707530966049663,0.9803307359461636,23.06,2023-06-01,B1
ENSG00000110876,0.35369435010121475,0.548299431317541,0.7510321769023175,23.06,2023-06-01,B1
ENSG00000110887,0.5215618615708845,0.607930797611621,0.42865306927484986,23.06,2023-06-01,B1
ENSG00000110911,0.7690385982923414,0.8599962456518385,0.799928050813383,23.06,2023-06-01,B1
ENSG00000110944,0.6683204791901131,0.2919641040973967,0.9052896338643329,23.06,2023-06-01,B1
ENSG00000110987,0.5789739351585559,0.6836915753062164,,23.06,2023-06-01,B1
ENSG00000111142,0.5926196782750629,0.6193347271043319,,23.06,2023-06-01,B1
ENSG00000111291,0.38112843624984616,0.496520947155517,,23.06,2023-06-01,B1
ENSG00000111424,0.8849244081100693,0.9130679509747054,0.8559228978405322,23.06,2023-06-01,B1
ENSG00000111537,0.6968995345715677,0.7892451818330803,0.9553738440064341,23.06,2023-06-01,B1
ENSG00000111664,0.43461129410948085,0.607930797611621,0.39141624404224223,23.06,2023-06-01,B1
ENSG00000111701,0.3406471625025016,0.5603387159209614,0.5624102538335166,23.06,2023-06-01,B1
ENSG00000111704,0.5200517967883779,0.2647876362930616,,23.06,2023-06-01,B1
ENSG00000111775,0.5361023315646519,0.42555155832813474,0.6851143492036259,23.06,2023-06-01,B1
ENSG00000111799,0.8276402123105345,0.9164682865864363,0.6144487322185452,23.06,2023-06-01,B1
ENSG00000112033,0.5029539319600372,0.678258797678303,0.8413183044532813,23.06,2023-06-01,B1
ENSG00000112038,0.7445092845982552,0.8812380956896789,0.8620506586406257,23.06,2023-06-01,B1
ENSG00000112115,0.7074705340038723,0.607930797611621,0.9438932524610119,23.06,2023-06-01,B1
ENSG00000112116,0.7304218033483886,0.6507557379584172,0.9390719316346958,23.06,2023-06-01,B1
ENSG00000112164,0.7515334416386521,0.8244672691086181,0.9354237766229181,23.06,2023-06-01,B1
ENSG00000112309,0.39706686233180605,0.6531448380173589,,23.06,2023-06-01,B1
ENSG00000112715,0.7591399664144685,0.8165509910644569,0.5134193032541677,23.06,2023-06-01,B1
ENSG00000112759,0.597119791428369,0.612222467874322,0.5263641515402292,23.06,2023-06-01,B1
ENSG00000112763,0.22544346314034983,0.27946539691240696,0.7336839975916359,23.06,2023-06-01,B1
ENSG00000112983,0.5690128593832053,0.30888851793413136,,23.06,2023-06-01,B1
ENSG00000113161,0.7753191557844623,0.6285421043085134,0.5388871512567396,23.06,2023-06-01,B1
ENSG00000113302,0.7947768394646884,0.8536584223319885,0.9337491272338329,23.06,2023-06-01,B1
ENSG00000113369,0.4938819163519314,0.8123982504131165,0.49107599720340966,23.06,2023-06-01,B1
ENSG00000113448,0.837101327482958,0.8551845834838582,,23.06,2023-06-01,B1
ENSG00000113525,0.6346182601004509,0.6087649256307419,0.8161808724236432,23.06,2023-06-01,B1
ENSG00000113580,0.8719799594384686,0.888541319410935,0.7115400025492199,23.06,2023-06-01,B1
ENSG00000113657,0.5270826661627162,0.8325667859109313,,23.06,2023-06-01,B1
ENSG00000113721,0.9066040592499418,0.920848892542072,0.6354741388950078,23.06,2023-06-01,B1
ENSG00000113790,0.5817871745707229,0.6919255430205137,0.631452646230617,23.06,2023-06-01,B1
ENSG00000114062,0.8511937286954875,0.9332298282119607,0.9071351998580031,23.06,2023-06-01,B1
ENSG00000114200,0.8428207245277917,0.9250389057448104,,23.06,2023-06-01,B1
ENSG00000114480,0.8689753177130224,0.9454594263142436,0.5173031360436323,23.06,2023-06-01,B1
ENSG00000114771,0.2125711021720578,0.3216376437173332,0.42434100337600766,23.06,2023-06-01,B1
ENSG00000114779,0.18508282835601605,0.3044471987324073,,23.06,2023-06-01,B1
ENSG00000114956,0.8407453776073056,0.9424152954482656,0.4886116462870697,23.06,2023-06-01,B1
ENSG00000115008,0.426304803545337,0.6086968566965647,0.7058815074804129,23.06,2023-06-01,B1
ENSG00000115221,0.6902948939937764,0.8800628254312052,0.838685459605861,23.06,2023-06-01,B1
ENSG00000115232,0.7827405353926399,0.8474191368380258,0.6920223739013583,23.06,2023-06-01,B1
ENSG00000115353,0.6795786605917916,0.6415536086496044,0.5565403808535188,23.06,2023-06-01,B1
ENSG00000115365,0.49010667486934406,0.775271353083686,0.5922437418524419,23.06,2023-06-01,B1
ENSG00000115590,0.4933006443072295,0.7835585116565842,0.5133519637731931,23.06,2023-06-01,B1
ENSG00000115602,0.6087330143116148,0.8428595998111956,0.6441567398202456,23.06,2023-06-01,B1
ENSG00000115718,0.8580272485136119,0.9746646238030687,0.4806489163433265,23.06,2023-06-01,B1
ENSG00000115825,0.6032670752759509,0.750527929798306,0.6670963851220998,23.06,2023-06-01,B1
ENSG00000116039,0.8306216219759847,0.8998670666163885,0.8208201793434804,23.06,2023-06-01,B1
ENSG00000116044,0.8112277486645397,0.8499190510122027,0.9066262783195871,23.06,2023-06-01,B1
ENSG00000116095,0.34676276265270434,0.5321298294882463,0.593386053278763,23.06,2023-06-01,B1
ENSG00000116133,0.8084782379662816,0.9065952604285223,0.4290648917293319,23.06,2023-06-01,B1
ENSG00000116525,0.20716445897149283,0.2941017560777592,0.84751009929622,23.06,2023-06-01,B1
ENSG00000116678,0.7635370105532433,0.855182909856975,0.9220538192766952,23.06,2023-06-01,B1
ENSG00000116745,0.8241532109367116,0.9294339050191974,0.8428184199370967,23.06,2023-06-01,B1
ENSG00000117228,0.326512275693744,0.3057618769433922,0.8152319251532497,23.06,2023-06-01,B1
ENSG00000117400,0.9060895214667937,0.9616925635726661,0.8587079913732945,23.06,2023-06-01,B1
ENSG00000117448,0.4655346997865446,0.3353037774820403,0.8348941185487121,23.06,2023-06-01,B1
ENSG00000117525,0.5173559807473691,0.7130910075969459,0.7131868806860069,23.06,2023-06-01,B1
ENSG00000117560,0.6521165924923218,0.745241096196137,0.8590817942031228,23.06,2023-06-01,B1
ENSG00000117586,0.6111726597067221,0.7740174274762566,0.7976952681439388,23.06,2023-06-01,B1
ENSG00000117594,0.6913102672521805,0.6945398447946252,0.7962580252437103,23.06,2023-06-01,B1
ENSG00000117595,0.8470277473431048,0.9189498623056529,0.728786074248471,23.06,2023-06-01,B1
ENSG00000117601,0.875399768469949,0.9320322334324789,0.5914762866617488,23.06,2023-06-01,B1
ENSG00000117676,0.5639604763674622,0.6867658768371967,,23.06,2023-06-01,B1
ENSG00000118271,0.90730379537805,0.9634235169522195,0.5482082088389852,23.06,2023-06-01,B1
ENSG00000118432,0.6831833826009176,0.4190839051307317,0.6605866371265424,23.06,2023-06-01,B1
ENSG00000118523,0.41429730003512083,0.6224863694494183,0.8165504982823434,23.06,2023-06-01,B1
ENSG00000118804,0.28741002115404435,0.4727676608640205,,23.06,2023-06-01,B1
ENSG00000118972,0.8828003276355597,0.903594242495046,0.6406985877444114,23.06,2023-06-01,B1
ENSG00000119508,0.6527588332000358,0.6655128522821675,0.3473260629454595,23.06,2023-06-01,B1
ENSG00000119682,0.5170604002876255,0.7344308288646881,0.593386053278763,23.06,2023-06-01,B1
ENSG00000119715,0.7365305563625072,0.837637003509923,,23.06,2023-06-01,B1
ENSG00000120088,0.42687345944510713,0.6271559755191187,0.5411244951069217,23.06,2023-06-01,B1
ENSG00000120217,0.7847028439550187,0.6625166305801192,0.8685760705826902,23.06,2023-06-01,B1
ENSG00000120251,0.8397849080557971,0.8791438700295064,0.5847939801797304,23.06,2023-06-01,B1
ENSG00000120437,0.4420192617373688,0.24627074547246455,0.31346431751849213,23.06,2023-06-01,B1
ENSG00000120659,0.8458223790473361,0.8739407907355438,0.7816097665055223,23.06,2023-06-01,B1
ENSG00000120725,0.8272622715562448,0.921954169832884,0.8245562106788502,23.06,2023-06-01,B1
ENSG00000120805,0.5518516726656156,0.1973926266855266,,23.06,2023-06-01,B1
ENSG00000120868,0.5786912997336977,0.7135265765025953,0.5787659790957765,23.06,2023-06-01,B1
ENSG00000120907,0.682711924981985,0.6914876920511871,0.8395870321280513,23.06,2023-06-01,B1
ENSG00000120949,0.6506274061785577,0.7899451659265487,,23.06,2023-06-01,B1
ENSG00000121270,0.26462920322486017,0.43529494518867845,,23.06,2023-06-01,B1
ENSG00000121361,0.747068029733811,0.8087521842279289,0.8512595713896624,23.06,2023-06-01,B1
ENSG00000121594,0.7128234734899832,0.6197659857569887,0.6695509804102341,23.06,2023-06-01,B1
ENSG00000121764,0.6702484736331176,0.6810713910286565,0.477043296885839,23.06,2023-06-01,B1
ENSG00000121769,0.27017339107259153,0.43471828612030294,0.9571904463238937,23.06,2023-06-01,B1
ENSG00000121853,0.6837264667048065,0.7855945407468129,0.7216814046313954,23.06,2023-06-01,B1
ENSG00000121879,0.9397733396096208,0.9646072868291538,0.531515823315974,23.06,2023-06-01,B1
ENSG00000121966,0.8551171105037383,0.9346645287623314,0.6756379985528486,23.06,2023-06-01,B1
ENSG00000122025,0.8924065430647288,0.9385932293625887,0.6453580438110817,23.06,2023-06-01,B1
ENSG00000122194,0.8482133122855611,0.9046358398288944,0.6410570497058183,23.06,2023-06-01,B1
ENSG00000122420,0.7006607442212058,0.7598741870937985,0.46479349131396486,23.06,2023-06-01,B1
ENSG00000122641,0.4743646488924999,0.7491362764185832,0.6401119630726623,23.06,2023-06-01,B1
ENSG00000122971,0.8307706007725721,0.9005057829912223,0.5293204600746475,23.06,2023-06-01,B1
ENSG00000123080,0.7464847041194878,0.4139256069895746,0.759737636122509,23.06,2023-06-01,B1
ENSG00000123201,0.6059367481674455,,,23.06,2023-06-01,B1
ENSG00000123416,0.6112527605666059,0.41372149503087974,,23.06,2023-06-01,B1
ENSG00000123453,0.6192487642523177,0.6953080900964789,,23.06,2023-06-01,B1
ENSG00000123505,0.36283351014695037,0.47746685849430903,,23.06,2023-06-01,B1
ENSG00000123728,0.5008522860485991,0.16257562219088106,,23.06,2023-06-01,B1
ENSG00000123999,0.21652669859576498,0.2971414100658173,0.5507382378562804,23.06,2023-06-01,B1
ENSG00000124104,0.1849493689640466,0.30309624140438146,,23.06,2023-06-01,B1
ENSG00000124155,0.8016316450831862,0.9007350392189392,,23.06,2023-06-01,B1
ENSG00000124391,0.3888348015406112,0.30325262071047326,0.603051806451523,23.06,2023-06-01,B1
ENSG00000124575,0.12548731342621708,0.2064171019451874,,23.06,2023-06-01,B1
ENSG00000124882,0.6836584993281255,0.45340715478572063,0.9010763775125565,23.06,2023-06-01,B1
ENSG00000125124,0.8034776529785203,0.9231886995687807,0.45026099003189207,23.06,2023-06-01,B1
ENSG00000125255,0.7877533265383285,0.851725484716933,0.614575237897463,23.06,2023-06-01,B1
ENSG00000125266,0.4082698691006602,0.6661618901522256,0.9343595742759051,23.06,2023-06-01,B1
ENSG00000125384,0.6079573797217933,0.2941017560777592,0.9608726764745561,23.06,2023-06-01,B1
ENSG00000125510,0.48582551872043644,0.5688186956549586,,23.06,2023-06-01,B1
ENSG00000125538,0.7471124834098642,0.7447152270742359,0.80367621934554,23.06,2023-06-01,B1
ENSG00000125656,0.7779762918349394,0.8717441472829344,0.5138583827386292,23.06,2023-06-01,B1
ENSG00000125726,0.647237213577547,0.8159951130941984,0.7906607328651697,23.06,2023-06-01,B1
ENSG00000125730,0.8570524619504577,0.9330107438319929,0.9402050304355986,23.06,2023-06-01,B1
ENSG00000125820,0.44990583156592256,0.607930797611621,0.49008079229602186,23.06,2023-06-01,B1
ENSG00000125845,0.7783828634392248,0.8852207367833058,,23.06,2023-06-01,B1
ENSG00000125968,0.34260828867284593,0.49319126324309753,0.7256530166598865,23.06,2023-06-01,B1
ENSG00000126218,0.8654686258746325,0.9186656156048632,0.6382839966072767,23.06,2023-06-01,B1
ENSG00000126351,0.7552329989084168,0.8897742701710087,0.7224117773955364,23.06,2023-06-01,B1
ENSG00000126895,0.8473726936594275,0.8995125555122218,0.7405032941820664,23.06,2023-06-01,B1
ENSG00000126934,0.8832501332991044,0.9288563579477007,,23.06,2023-06-01,B1
ENSG00000127329,0.7284653067592533,0.6442243174157465,0.5472191468034057,23.06,2023-06-01,B1
ENSG00000127837,0.3050331345054025,0.4410643131785069,,23.06,2023-06-01,B1
ENSG00000127870,0.6590888784825286,0.7870996531584546,,23.06,2023-06-01,B1
ENSG00000128052,0.8901668765960303,0.8711665601972968,,23.06,2023-06-01,B1
ENSG00000128271,0.7533874685159332,0.5838121865360916,0.6597155874881196,23.06,2023-06-01,B1
ENSG00000128272,0.6200742812806109,0.6396159713168474,0.7004962859227203,23.06,2023-06-01,B1
ENSG00000128594,0.44878414969854385,0.5822856893927213,0.4996391220759668,23.06,2023-06-01,B1
ENSG00000128602,0.8481384993789531,0.8892064517205237,0.754156362528213,23.06,2023-06-01,B1
ENSG00000128908,0.6090376691148733,0.634662865739932,0.44883767010864245,23.06,2023-06-01,B1
ENSG00000129167,0.4770228321199532,0.35348874876461106,0.6360341977463192,23.06,2023-06-01,B1
ENSG00000129226,0.39688689286341744,0.4589770915204767,0.6031560375139975,23.06,2023-06-01,B1
ENSG00000129484,0.657287592051308,0.3014884905346648,,23.06,2023-06-01,B1
ENSG00000130226,0.7394338799616772,0.8302993815756925,,23.06,2023-06-01,B1
ENSG00000130513,0.3116389474809381,0.4699071808471992,0.6335609321950209,23.06,2023-06-01,B1
ENSG00000130766,0.3277791970402492,0.4286826893527623,0.46377550009567686,23.06,2023-06-01,B1
ENSG00000130816,0.8756219689605986,0.9280185840475227,0.7200164857526467,23.06,2023-06-01,B1
ENSG00000130826,0.8765269202138897,0.9483922993309878,0.4927937223716311,23.06,2023-06-01,B1
ENSG00000131042,0.4032347252657597,0.6613147291065111,0.6561836263264206,23.06,2023-06-01,B1
ENSG00000131187,0.8555062671620358,0.9092185994705558,0.6685682370449183,23.06,2023-06-01,B1
ENSG00000131471,0.25108445303590127,0.41097153666409636,,23.06,2023-06-01,B1
ENSG00000131747,0.7225979492715988,0.4603277586525132,0.721112988984753,23.06,2023-06-01,B1
ENSG00000131759,0.7942793422567177,0.50795995533771,0.8019217720283971,23.06,2023-06-01,B1
ENSG00000131781,0.34329507815706956,0.5586449340393536,0.5250806099595243,23.06,2023-06-01,B1
ENSG00000131981,0.4769327037650701,0.7434606776855772,0.7681203088855583,23.06,2023-06-01,B1
ENSG00000132155,0.905779578608823,0.9523023821274144,0.9572295973416115,23.06,2023-06-01,B1
ENSG00000132170,0.8907347267324149,0.9280269632111824,0.8271668495975012,23.06,2023-06-01,B1
ENSG00000132356,0.41712618421693254,0.6799952997462092,0.718663999804654,23.06,2023-06-01,B1
ENSG00000132639,0.8355859895151105,0.8164314232238572,0.8299745393069601,23.06,2023-06-01,B1
ENSG00000132681,0.6131832158865468,0.31239197315466427,0.9709751838329358,23.06,2023-06-01,B1
ENSG00000132855,0.6687926893419581,0.868922638459669,0.6066178770826329,23.06,2023-06-01,B1
ENSG00000132965,0.5483395042409779,0.5410422763806613,0.5604361370963321,23.06,2023-06-01,B1
ENSG00000133019,0.78333458488857,0.7993588402141194,0.7680405814661068,23.06,2023-06-01,B1
ENSG00000133105,0.5586429346528303,0.8059819045073807,0.8623303403386552,23.06,2023-06-01,B1
ENSG00000133107,0.478428521679585,0.7851632406917621,0.5376369922323512,23.06,2023-06-01,B1
ENSG00000133216,0.7347272743312971,0.7855390893184859,0.745563337677004,23.06,2023-06-01,B1
ENSG00000133454,0.776446577490988,0.8606287948596941,0.5135383140640059,23.06,2023-06-01,B1
ENSG00000133703,0.9319915088029479,0.9608799960332856,0.8463311254620856,23.06,2023-06-01,B1
ENSG00000133794,0.5456057256944556,0.8817210781778243,0.6160949940233592,23.06,2023-06-01,B1
ENSG00000133805,0.6888467426225244,0.9064804682753997,0.5210891581574942,23.06,2023-06-01,B1
ENSG00000133878,0.37606381879239054,0.6149772959743145,0.6498499629784522,23.06,2023-06-01,B1
ENSG00000133895,0.9229310511874733,0.964103706715147,0.8739521594731611,23.06,2023-06-01,B1
ENSG00000133937,0.7380155743305713,0.8487686363847924,0.6232585174395623,23.06,2023-06-01,B1
ENSG00000134058,0.6109869660853058,0.26554754979007616,,23.06,2023-06-01,B1
ENSG00000134243,0.32386097136926045,0.5273954985328366,0.5936098474111364,23.06,2023-06-01,B1
ENSG00000134259,0.7682307167901283,0.8450355172308898,0.6380293169665521,23.06,2023-06-01,B1
ENSG00000134318,0.6713931739496497,0.7658177990308962,0.5398877824354227,23.06,2023-06-01,B1
ENSG00000134333,0.7669621010260397,0.8747938438364321,0.9549461935617621,23.06,2023-06-01,B1
ENSG00000134460,0.8673811949272533,0.8982630811197909,0.7263946283054044,23.06,2023-06-01,B1
ENSG00000134489,0.38013181204898006,0.624680035435395,0.6594439278721154,23.06,2023-06-01,B1
ENSG00000134538,0.721844909369561,0.949687898019493,0.6118458454012453,23.06,2023-06-01,B1
ENSG00000134640,0.7001088929193805,0.8843138340405476,0.8663864686391479,23.06,2023-06-01,B1
ENSG00000134817,0.3013663567103263,0.29887874734542325,0.6471711742380309,23.06,2023-06-01,B1
ENSG00000134853,0.9074353438792302,0.848785637637523,0.883105520306419,23.06,2023-06-01,B1
ENSG00000134873,0.7356815362251128,0.9566894771224674,,23.06,2023-06-01,B1
ENSG00000134940,0.25444236421437444,0.4185383685347126,,23.06,2023-06-01,B1
ENSG00000135077,0.7107650197246048,0.7973345730717609,0.60211755075065,23.06,2023-06-01,B1
ENSG00000135312,0.6862501792764433,0.6621115530840727,0.8148566821794271,23.06,2023-06-01,B1
ENSG00000135409,0.8072544399088876,0.8871676596047973,0.8479026248560211,23.06,2023-06-01,B1
ENSG00000135441,0.3247292612011993,0.2685885309995274,,23.06,2023-06-01,B1
ENSG00000135446,0.9072480116024702,0.8862861212587224,0.8277065925532311,23.06,2023-06-01,B1
ENSG00000135454,0.825001669643367,0.936779585407631,0.7854289146868207,23.06,2023-06-01,B1
ENSG00000135679,0.7518711288119176,0.753787713677322,0.9488295675262454,23.06,2023-06-01,B1
ENSG00000135766,0.6753130911041694,0.8544661769829306,0.7912283859219414,23.06,2023-06-01,B1
ENSG00000136108,0.20933066916423548,0.31138022486893163,,23.06,2023-06-01,B1
ENSG00000136244,0.7270120668061779,0.8274613634158176,0.9618243014925884,23.06,2023-06-01,B1
ENSG00000136531,0.8977544842578621,0.9374107427779117,0.5259156217016132,23.06,2023-06-01,B1
ENSG00000136634,0.6492838595086489,0.741295570767788,0.8556786284723442,23.06,2023-06-01,B1
ENSG00000136732,0.5011186846507849,0.822630375061035,0.70466763688031,23.06,2023-06-01,B1
ENSG00000136807,0.5993716808656163,0.6373276290694629,0.3943039153308974,23.06,2023-06-01,B1
ENSG00000136810,0.5534095338890986,0.8194768663099152,,23.06,2023-06-01,B1
ENSG00000136869,0.5947403278689662,0.8468443175414474,0.7772207273283946,23.06,2023-06-01,B1
ENSG00000136877,0.24330106649051542,0.3031806762373831,0.5097949959437059,23.06,2023-06-01,B1
ENSG00000136881,0.676673377641698,0.8127692389321047,0.5056408774590325,23.06,2023-06-01,B1
ENSG00000136928,0.8473099761770896,0.8855632814239105,0.7025772786537642,23.06,2023-06-01,B1
ENSG00000136937,0.6103480204120255,0.24891115242861636,0.6532520385735674,23.06,2023-06-01,B1
ENSG00000137033,0.7316103946947838,0.9258373647184317,0.7832556300971732,23.06,2023-06-01,B1
ENSG00000137070,0.7879214154254744,0.8784996336930266,0.9538325738868438,23.06,2023-06-01,B1
ENSG00000137100,0.19582573778520987,0.2847277664547228,,23.06,2023-06-01,B1
ENSG00000137124,0.5073706098646293,0.6635533043597597,0.6359261303883581,23.06,2023-06-01,B1
ENSG00000137198,0.7406260785523855,0.9746189289466296,,23.06,2023-06-01,B1
ENSG00000137252,0.6771630205711958,0.8767814471845911,0.8525645847931801,23.06,2023-06-01,B1
ENSG00000137275,0.7961931690724526,0.8938735280419383,0.47426593211111207,23.06,2023-06-01,B1
ENSG00000137343,0.2810255749266495,0.3764502702045875,0.7560437618643999,23.06,2023-06-01,B1
ENSG00000137413,0.5102788392406404,0.7612644543425522,0.43098748976374524,23.06,2023-06-01,B1
ENSG00000137463,0.46546339553142396,0.4417223661059465,,23.06,2023-06-01,B1
ENSG00000137547,0.44689846608330575,0.2901315957668261,,23.06,2023-06-01,B1
ENSG00000137672,0.8382480129684398,0.939160429187341,0.5523103308158707,23.06,2023-06-01,B1
ENSG00000137714,0.5064151840941719,0.6901096229984456,0.6222312407469259,23.06,2023-06-01,B1
ENSG00000137731,0.6426730700375841,0.7296196474287597,,23.06,2023-06-01,B1
ENSG00000137745,0.8830808962007887,0.9023563898815684,0.7251586453590924,23.06,2023-06-01,B1
ENSG00000138030,0.642045602920612,0.7471169667740993,,23.06,2023-06-01,B1
ENSG00000138039,0.8639981582595503,0.8934842876008973,0.7937343411816357,23.06,2023-06-01,B1
ENSG00000138379,0.5558770030535483,0.6545776417113636,0.9277010730625332,23.06,2023-06-01,B1
ENSG00000138413,0.9057718972206441,0.9311460859861833,,23.06,2023-06-01,B1
ENSG00000138684,0.6397298585682722,0.7000563485877659,0.7660836464839171,23.06,2023-06-01,B1
ENSG00000138735,0.6442012392863886,0.8737632650937954,0.47219371436287855,23.06,2023-06-01,B1
ENSG00000138814,0.8159659780524063,0.9143604394755368,0.8211015540201375,23.06,2023-06-01,B1
ENSG00000138834,0.7943015779794358,0.8856411349692991,0.617537386192885,23.06,2023-06-01,B1
ENSG00000139574,0.1908190465124613,0.28531364080616256,0.8337808884918233,23.06,2023-06-01,B1
ENSG00000139626,0.6595768047325774,0.3045191432054974,0.6712372548849441,23.06,2023-06-01,B1
ENSG00000139842,0.6648922774546314,0.7094294873344846,0.7938304358028528,23.06,2023-06-01,B1
ENSG00000140009,0.796543481377828,0.8820564250749147,0.8256490962631314,23.06,2023-06-01,B1
ENSG00000140443,0.8503283419363588,0.9788670889183926,0.6495411965544151,23.06,2023-06-01,B1
ENSG00000140479,0.5058603516516965,0.8293661783322314,0.724966822314682,23.06,2023-06-01,B1
ENSG00000140538,0.7991384313979055,0.7526716919836328,0.5682119554690185,23.06,2023-06-01,B1
ENSG00000140675,0.8729233570227984,0.9062797664187721,0.6750343254543526,23.06,2023-06-01,B1
ENSG00000141433,0.4296014726422039,0.6897092477340906,0.7662625893936024,23.06,2023-06-01,B1
ENSG00000141506,0.5090923152559998,0.665632646029761,0.7327195105499366,23.06,2023-06-01,B1
ENSG00000141510,0.9453793442036285,0.9603486238049393,0.9283118439636711,23.06,2023-06-01,B1
ENSG00000141540,0.2784893778033152,0.45809387992419026,,23.06,2023-06-01,B1
ENSG00000141564,0.5671615113549119,0.8237891331807893,0.7058412776358614,23.06,2023-06-01,B1
ENSG00000141736,0.9209086101666143,0.9190679877429972,0.6386548862756048,23.06,2023-06-01,B1
ENSG00000141956,0.3457578809326429,0.5687454596658412,,23.06,2023-06-01,B1
ENSG00000142166,0.7257063891607407,0.5701999139672601,0.7370503045040792,23.06,2023-06-01,B1
ENSG00000142168,0.8875210153877586,0.9505103761403538,0.6696628280626784,23.06,2023-06-01,B1
ENSG00000142192,0.8938107760549984,0.9571591368546728,0.8251151214396717,23.06,2023-06-01,B1
ENSG00000142319,0.8811512347058824,0.8708684667426143,0.9488975764542096,23.06,2023-06-01,B1
ENSG00000142677,0.32695253784777284,0.532948651858367,0.5914882948458355,23.06,2023-06-01,B1
ENSG00000143105,0.6100551225675253,0.3014884905346648,0.4822537553144274,23.06,2023-06-01,B1
ENSG00000143184,0.3175843291211612,0.44460392293275375,0.624461640526983,23.06,2023-06-01,B1
ENSG00000143196,0.4938811945203979,0.8017582740968515,0.4695040551709507,23.06,2023-06-01,B1
ENSG00000143303,0.31233707201444016,0.5137707667410821,,23.06,2023-06-01,B1
ENSG00000143365,0.6222483104876423,0.8142268984597276,0.7732480285103364,23.06,2023-06-01,B1
ENSG00000143387,0.8382641182895556,0.9016767495060005,0.7236673716631976,23.06,2023-06-01,B1
ENSG00000143473,0.8143291782256704,0.9030747285788113,0.6563769717429571,23.06,2023-06-01,B1
ENSG00000143799,0.7379468755478579,0.7606815058420029,0.45266741861416315,23.06,2023-06-01,B1
ENSG00000143839,0.8523005193016044,0.9356898486690913,0.654766408422611,23.06,2023-06-01,B1
ENSG00000144034,0.712811357731795,0.7111366615353678,,23.06,2023-06-01,B1
ENSG00000144182,0.7825665675118743,0.8680039986963196,0.35376168591684237,23.06,2023-06-01,B1
ENSG00000144426,0.3971056849664069,0.6532086983033543,,23.06,2023-06-01,B1
ENSG00000144476,0.6592331282645818,0.8156428587076345,0.649398256980271,23.06,2023-06-01,B1
ENSG00000144485,0.2183755204225914,0.3592111491645492,,23.06,2023-06-01,B1
ENSG00000144820,0.21683290271838762,0.3566736601768811,0.5890527327203948,23.06,2023-06-01,B1
ENSG00000144891,0.8514971469756288,0.8943847144583184,0.7908478519928245,23.06,2023-06-01,B1
ENSG00000145012,0.7289823817863391,0.7484662585777084,0.589922114254872,23.06,2023-06-01,B1
ENSG00000145113,0.6616462414852097,0.6905152658913651,0.49121351345763586,23.06,2023-06-01,B1
ENSG00000145335,0.8723543394214985,0.936547190135173,0.7589637695732243,23.06,2023-06-01,B1
ENSG00000145362,0.7558358868188232,0.8544623290881169,0.7561496151564556,23.06,2023-06-01,B1
ENSG00000145545,0.6507804915096651,0.5431882287049447,0.35162717333856164,23.06,2023-06-01,B1
ENSG00000145623,0.7591906453609792,0.8623002094081977,0.5373477939213537,23.06,2023-06-01,B1
ENSG00000145649,0.1942961958039697,0.2941017560777592,0.42615948912574636,23.06,2023-06-01,B1
ENSG00000145777,0.6789383367541421,0.7911335848609908,0.627968671539621,23.06,2023-06-01,B1
ENSG00000145888,0.8259091193521706,0.8925158955113127,0.7349370028705233,23.06,2023-06-01,B1
ENSG00000146399,0.45502371293094496,0.2941017560777592,0.26001200213849035,23.06,2023-06-01,B1
ENSG00000146469,0.41207643184307,0.6590637899523218,0.6579438847760763,23.06,2023-06-01,B1
ENSG00000146648,0.9317860367564386,0.8527024667999077,0.9527048518814543,23.06,2023-06-01,B1
ENSG00000146729,0.46058032887940786,0.7576196677136455,,23.06,2023-06-01,B1
ENSG00000147168,0.8445739823518023,0.9270596371577624,0.7859712840439498,23.06,2023-06-01,B1
ENSG00000147246,0.7494052861996439,0.5206049159280317,0.49713841246417084,23.06,2023-06-01,B1
ENSG00000147257,0.8290047506935376,0.8939988755402821,0.8529038571071174,23.06,2023-06-01,B1
ENSG00000147262,0.2993707723962631,0.2647876362930616,0.5969046822852602,23.06,2023-06-01,B1
ENSG00000147573,0.2709855240246081,0.44407880055567783,0.7279359787978048,23.06,2023-06-01,B1
ENSG00000147955,0.8396350647134243,0.8524829772956427,0.6575523974200711,23.06,2023-06-01,B1
ENSG00000148120,0.5342604213718211,0.8581733692337885,0.3966579584749824,23.06,2023-06-01,B1
ENSG00000148229,0.6628303689432153,0.2847277664547228,0.67605461448748,23.06,2023-06-01,B1
ENSG00000148400,0.9034721678715786,0.97566005752704,0.8016084230076712,23.06,2023-06-01,B1
ENSG00000148408,0.8043753546873053,0.8121640514491585,0.4891979393734552,23.06,2023-06-01,B1
ENSG00000148498,0.75154265168563,0.9066612367713315,0.6040644887197842,23.06,2023-06-01,B1
ENSG00000148672,0.8330560859869096,0.9027177139133821,,23.06,2023-06-01,B1
ENSG00000148730,0.1708222127364627,0.27694625224529407,,23.06,2023-06-01,B1
ENSG00000148795,0.8737426665032696,0.9422127000331931,0.6770926085597119,23.06,2023-06-01,B1
ENSG00000149131,0.8640152348535051,0.930651974736266,,23.06,2023-06-01,B1
ENSG00000149257,0.7225803538216273,0.903748820704015,0.4525023126739199,23.06,2023-06-01,B1
ENSG00000149295,0.7818486110852343,0.7990865977282243,0.6783489406650942,23.06,2023-06-01,B1
ENSG00000149534,0.2211719653474567,0.3580357461459052,0.5455469824836752,23.06,2023-06-01,B1
ENSG00000150093,0.5488520029946452,0.4261053027278216,0.700466669817142,23.06,2023-06-01,B1
ENSG00000150594,0.6758828062111619,0.7073143557906852,0.9419025463666622,23.06,2023-06-01,B1
ENSG00000150782,0.36196416291917166,0.5661275495630111,0.7314098992425845,23.06,2023-06-01,B1
ENSG00000151065,0.3741217894011392,0.6154019353369696,,23.06,2023-06-01,B1
ENSG00000151067,0.8800919917770584,0.9450219181772646,0.779634929024134,23.06,2023-06-01,B1
ENSG00000151090,0.8725844162523674,0.9209076260315264,0.8581390802859122,23.06,2023-06-01,B1
ENSG00000151150,0.7241600592484665,0.8537599102110955,0.750662205748769,23.06,2023-06-01,B1
ENSG00000151224,0.8653838681305075,0.9334290822717556,0.6282409280764547,23.06,2023-06-01,B1
ENSG00000151577,0.7696829376679024,0.6845071162802717,0.9005492082478977,23.06,2023-06-01,B1
ENSG00000151617,0.8251459237181649,0.8862212522613501,0.6855197435212826,23.06,2023-06-01,B1
ENSG00000151623,0.8713659498447279,0.914369350027709,0.590109038197276,23.06,2023-06-01,B1
ENSG00000151665,0.4149551086064899,0.6825696448291891,,23.06,2023-06-01,B1
ENSG00000151834,0.8391608084017573,0.8305974906448623,0.4582464892534616,23.06,2023-06-01,B1
ENSG00000152270,0.7361155936226877,0.9686834047752363,0.7025724679448644,23.06,2023-06-01,B1
ENSG00000152291,0.3540146221458733,0.5823271720016345,,23.06,2023-06-01,B1
ENSG00000152382,0.5900314605098826,0.8490552346890213,,23.06,2023-06-01,B1
ENSG00000152592,0.7510709283282364,0.9190679877429972,0.7722818302724246,23.06,2023-06-01,B1
ENSG00000152822,0.8136053723749873,0.8982741673456013,0.8166267532482174,23.06,2023-06-01,B1
ENSG00000153002,0.3925436128727981,0.6415451392000558,0.5819873861578954,23.06,2023-06-01,B1
ENSG00000153234,0.6847303497381716,0.7921587677936938,0.4560916374248186,23.06,2023-06-01,B1
ENSG00000153956,0.7885339420013422,0.7649972933593547,0.44803420041479547,23.06,2023-06-01,B1
ENSG00000153993,0.4858134102373532,0.7985182397237196,0.6447625108171698,23.06,2023-06-01,B1
ENSG00000154124,0.4575383173950893,0.7510959628172801,0.422739878389181,23.06,2023-06-01,B1
ENSG00000154478,0.4238980727138949,0.6972801417188669,0.6267081213753456,23.06,2023-06-01,B1
ENSG00000154928,0.6451390471990707,0.7843234709508018,0.5205331110813614,23.06,2023-06-01,B1
ENSG00000155099,0.2513845795808159,0.41350854499958056,,23.06,2023-06-01,B1
ENSG00000156006,0.5035899856907871,0.8183554269885508,0.863065615893751,23.06,2023-06-01,B1
ENSG00000156113,0.8712854889089047,0.9362872227950072,0.6634620970611732,23.06,2023-06-01,B1
ENSG00000156136,0.4728529785856787,0.7755359475723587,0.7551593857005733,23.06,2023-06-01,B1
ENSG00000156413,0.4440012189752825,0.7197854932160969,,23.06,2023-06-01,B1
ENSG00000156738,0.794321787988289,0.6960520697117039,0.7104922107199737,23.06,2023-06-01,B1
ENSG00000157103,0.8253702119264077,0.9005995651157719,0.6119821847198881,23.06,2023-06-01,B1
ENSG00000157184,0.8650703793163914,0.948999241928328,0.6172671778060888,23.06,2023-06-01,B1
ENSG00000157404,0.9389912188934406,0.9574385715421307,0.9954088559448964,23.06,2023-06-01,B1
ENSG00000157764,0.9293323022688823,0.9465336129301758,0.6964586091429883,23.06,2023-06-01,B1
ENSG00000157851,0.4675706254905445,0.607930797611621,,23.06,2023-06-01,B1
ENSG00000158373,0.5511872888339344,0.6045661494899258,,23.06,2023-06-01,B1
ENSG00000158402,0.4443196278405478,0.5982888895827776,,23.06,2023-06-01,B1
ENSG00000158748,0.6564487293504757,0.4499547953511962,,23.06,2023-06-01,B1
ENSG00000159110,0.7446993817421423,0.8496400230643221,0.6843217797171732,23.06,2023-06-01,B1
ENSG00000159131,0.6163362873083804,0.42555155832813474,,23.06,2023-06-01,B1
ENSG00000159164,0.8155341250779032,0.38825225392213825,0.31695991960475894,23.06,2023-06-01,B1
ENSG00000159224,0.33131341764442035,0.5388892194268993,,23.06,2023-06-01,B1
ENSG00000159267,0.8692931970504962,0.9295749706730293,0.7652555906009664,23.06,2023-06-01,B1
ENSG00000159640,0.8510516324731568,0.9014666362060643,0.8967338824996544,23.06,2023-06-01,B1
ENSG00000159842,0.26018394913028037,0.33606046090364966,,23.06,2023-06-01,B1
ENSG00000160013,0.6144323353460942,0.38676370933424337,0.35702255916736475,23.06,2023-06-01,B1
ENSG00000160113,0.5449541075409433,0.7113987343338248,0.689636696810623,23.06,2023-06-01,B1
ENSG00000160191,0.716067037037346,0.7768729287771234,,23.06,2023-06-01,B1
ENSG00000160255,0.8529308476531291,0.9479326652371544,0.7828639941150991,23.06,2023-06-01,B1
ENSG00000160307,0.38151834665507206,0.2994355783886995,0.6169421809827519,23.06,2023-06-01,B1
ENSG00000160654,0.818909032429408,0.8625654858162531,0.7931367967643197,23.06,2023-06-01,B1
ENSG00000160712,0.7896943878268791,0.8088873334878489,0.8754601369435646,23.06,2023-06-01,B1
ENSG00000160791,0.7992969691156658,0.6445808186212822,0.6679454997314689,23.06,2023-06-01,B1
ENSG00000160801,0.8926433323889393,0.9466814983807328,0.6382210889303654,23.06,2023-06-01,B1
ENSG00000160862,0.2640283618499974,0.4324574839080431,0.26177500145156407,23.06,2023-06-01,B1
ENSG00000160868,0.6819804802159217,0.6295461148600343,,23.06,2023-06-01,B1
ENSG00000160882,0.8795817147931846,0.9457497572591466,0.6470633358307984,23.06,2023-06-01,B1
ENSG00000161798,0.7572075223385974,0.8469770823526588,0.4655628329078219,23.06,2023-06-01,B1
ENSG00000161955,0.5914867292743521,0.7750642691070625,0.7505194206723942,23.06,2023-06-01,B1
ENSG00000162409,0.45605103315214246,0.7468278116497284,0.6957725440339815,23.06,2023-06-01,B1
ENSG00000162434,0.842872505835889,0.7538059596074357,0.5895498739480347,23.06,2023-06-01,B1
ENSG00000162551,0.8954917621788214,0.9663894340319621,0.8725453069701021,23.06,2023-06-01,B1
ENSG00000162594,0.6016563719163383,0.7539554360213971,0.6225730016643538,23.06,2023-06-01,B1
ENSG00000162711,0.8799666224708351,0.9657735599001223,0.8297838022789453,23.06,2023-06-01,B1
ENSG00000162733,0.8439284703897555,0.9081173672275237,0.6222981979075332,23.06,2023-06-01,B1
ENSG00000162736,0.7429947307097964,0.8439455126075619,,23.06,2023-06-01,B1
ENSG00000162849,0.4739494826581616,0.7796109105183812,0.5631933881551546,23.06,2023-06-01,B1
ENSG00000162889,0.6166664632622639,0.6294551452252819,0.6867508206383022,23.06,2023-06-01,B1
ENSG00000163283,0.3705113460549993,0.6085511339883141,0.5000734033624546,23.06,2023-06-01,B1
ENSG00000163285,0.6574417436391152,0.781184706060602,,23.06,2023-06-01,B1
ENSG00000163485,0.7034472714188763,0.651256305802109,0.8309442691221973,23.06,2023-06-01,B1
ENSG00000163517,0.6689159438988402,0.6541786718711622,0.3324773532137955,23.06,2023-06-01,B1
ENSG00000163520,0.47693014378918264,0.7806467563965919,,23.06,2023-06-01,B1
ENSG00000163599,0.8668503653791172,0.9110462744713517,0.918823280794478,23.06,2023-06-01,B1
ENSG00000163631,0.7224657675599964,0.9362155211181975,0.5582998182265944,23.06,2023-06-01,B1
ENSG00000163655,0.40152002366779654,0.4191377106960683,,23.06,2023-06-01,B1
ENSG00000163823,0.3070024778909014,0.4937533113426869,0.6749510007708853,23.06,2023-06-01,B1
ENSG00000163873,0.7257024549920124,0.5804851809055329,,23.06,2023-06-01,B1
ENSG00000163914,0.7605712472516885,0.9081944976349979,0.9966180930259408,23.06,2023-06-01,B1
ENSG00000164061,0.3203070398317426,0.4209642239617235,0.8020369852847142,23.06,2023-06-01,B1
ENSG00000164082,0.4159506010705623,0.3120627264680146,0.8730007415965076,23.06,2023-06-01,B1
ENSG00000164116,0.8201116213130956,0.8447770749532274,0.6236167825337744,23.06,2023-06-01,B1
ENSG00000164120,0.8233453565968969,0.906106337300414,0.5435746943993797,23.06,2023-06-01,B1
ENSG00000164136,0.47733331060971756,0.7743688573718585,0.6988333325143805,23.06,2023-06-01,B1
ENSG00000164171,0.47374980074869005,0.7575155671932753,0.8907495631586526,23.06,2023-06-01,B1
ENSG00000164270,0.689121298588064,0.8621362580778208,0.5677605371619706,23.06,2023-06-01,B1
ENSG00000164342,0.7205425117570889,0.87099734515361,0.7040204764330168,23.06,2023-06-01,B1
ENSG00000164344,0.8513501150272178,0.9083861801688987,0.70726144790715,23.06,2023-06-01,B1
ENSG00000164458,0.6315473604145037,0.7964401536063239,0.6236093219040505,23.06,2023-06-01,B1
ENSG00000164509,0.5457723280673309,0.7262220617347134,0.717052329909657,23.06,2023-06-01,B1
ENSG00000164867,0.5082053703719952,0.6042150352088894,0.9060110547331688,23.06,2023-06-01,B1
ENSG00000164920,0.20205245367900332,0.2847277664547228,0.9340616616301033,23.06,2023-06-01,B1
ENSG00000164978,0.6077638049219175,0.7963217970048223,,23.06,2023-06-01,B1
ENSG00000165025,0.7680512082833821,0.8674701173187348,0.6607814079844266,23.06,2023-06-01,B1
ENSG00000165029,0.8707713778387932,0.9782789105599491,0.7245889372494867,23.06,2023-06-01,B1
ENSG00000165060,0.8397180662103688,0.9083688912928176,0.4575324503021248,23.06,2023-06-01,B1
ENSG00000165272,0.4907590954918497,0.3642384185288977,0.6157823444894981,23.06,2023-06-01,B1
ENSG00000165376,0.40421751252725135,0.547137717850459,0.7518427214103861,23.06,2023-06-01,B1
ENSG00000165475,0.4871499845334885,0.7740293468589334,,23.06,2023-06-01,B1
ENSG00000165527,0.45173350863194334,0.46364803976878166,0.5360752705554831,23.06,2023-06-01,B1
ENSG00000165646,0.8049796374559746,0.7504991625278558,0.6270497668339526,23.06,2023-06-01,B1
ENSG00000165660,0.3137900448762169,0.5161607967699687,,23.06,2023-06-01,B1
ENSG00000165731,0.9372595338081037,0.9699184445988444,0.9744333709492679,23.06,2023-06-01,B1
ENSG00000165970,0.7830120835874855,0.8914998288764686,0.6626274146776326,23.06,2023-06-01,B1
ENSG00000165995,0.7014579822384683,0.8944810933891466,0.4333849999598595,23.06,2023-06-01,B1
ENSG00000166136,0.826322951257476,0.7736093145584729,,23.06,2023-06-01,B1
ENSG00000166148,0.6110291797006056,0.7787184987352068,0.7481892797198763,23.06,2023-06-01,B1
ENSG00000166206,0.8716470479366766,0.8714503607131275,0.5561394654136089,23.06,2023-06-01,B1
ENSG00000166311,0.9009563342172437,0.9651004252685722,0.4764743735895391,23.06,2023-06-01,B1
ENSG00000166313,0.29812652125955375,0.32311922689369893,0.8098307454673165,23.06,2023-06-01,B1
ENSG00000166391,0.4382205313502445,0.720839498626953,0.5957108263059187,23.06,2023-06-01,B1
ENSG00000166603,0.8342343216485661,0.9804741939955316,0.897989083114494,23.06,2023-06-01,B1
ENSG00000166704,0.18589712387613153,0.3057866530310126,,23.06,2023-06-01,B1
ENSG00000166736,0.6775417492573366,0.28796561654129316,0.5897906933684571,23.06,2023-06-01,B1
ENSG00000166825,0.40058415611101916,0.6237894958111466,0.7799931163436112,23.06,2023-06-01,B1
ENSG00000166828,0.8212166550084129,0.9105621287126241,0.47641779439013887,23.06,2023-06-01,B1
ENSG00000167286,0.8183536551279421,0.8746729082434216,0.5650730226900672,23.06,2023-06-01,B1
ENSG00000167325,0.6583478607191611,0.6065979196915138,,23.06,2023-06-01,B1
ENSG00000167397,0.7567247346894921,0.9249087049365533,0.6765067270788101,23.06,2023-06-01,B1
ENSG00000167657,0.2934617067153944,0.3200306509767923,0.6399751604557903,23.06,2023-06-01,B1
ENSG00000167658,0.7846978364619235,0.6696039398563404,,23.06,2023-06-01,B1
ENSG00000167941,0.8418811098223139,0.8985840084318927,0.8575842378312145,23.06,2023-06-01,B1
ENSG00000167965,0.525185275335896,0.3494918440801723,,23.06,2023-06-01,B1
ENSG00000168028,0.7613289049455176,0.8454697478739734,0.775494638278071,23.06,2023-06-01,B1
ENSG00000168036,0.9186694178075706,0.9184375302454539,0.661749297777901,23.06,2023-06-01,B1
ENSG00000168329,0.5111683371759818,0.8133131498285326,0.9729581392264913,23.06,2023-06-01,B1
ENSG00000168356,0.8962290825695968,0.9196101250227792,0.6891337016234657,23.06,2023-06-01,B1
ENSG00000168476,0.2275214189768804,0.29966469814182994,,23.06,2023-06-01,B1
ENSG00000168495,0.19752348055352137,0.3014884905346648,0.4684527281065888,23.06,2023-06-01,B1
ENSG00000168505,0.373194067290348,0.6138759029095355,0.6095304529888496,23.06,2023-06-01,B1
ENSG00000168522,0.6129818509286121,0.2941017560777592,0.8500104149852317,23.06,2023-06-01,B1
ENSG00000168539,0.7411991221022495,0.4418436095457262,0.8224515688097807,23.06,2023-06-01,B1
ENSG00000168610,0.8905237026184755,0.9427279728658293,0.46325339996001547,23.06,2023-06-01,B1
ENSG00000168685,0.8606848524596783,0.9329282867703319,0.7769100956638184,23.06,2023-06-01,B1
ENSG00000168710,0.413596943518932,0.3281499685993076,0.47571858135391104,23.06,2023-06-01,B1
ENSG00000168811,0.5369671220024854,0.7664900850640445,0.7574905507218909,23.06,2023-06-01,B1
ENSG00000168925,0.3738295485923168,0.6149212213972078,0.5294897319852238,23.06,2023-06-01,B1
ENSG00000169032,0.9056998028548331,0.9416169576936546,0.6872567695182218,23.06,2023-06-01,B1
ENSG00000169083,0.9328368237376706,0.9646202924365397,0.8194756350801701,23.06,2023-06-01,B1
ENSG00000169174,0.8942971879457294,0.9576723286035926,0.6834843208864647,23.06,2023-06-01,B1
ENSG00000169194,0.6738075036193549,0.7430212880041143,0.7376289706421525,23.06,2023-06-01,B1
ENSG00000169252,0.7469698805866298,0.8403106640913518,0.5165956253946061,23.06,2023-06-01,B1
ENSG00000169313,0.7986876458828758,0.8584162491896196,0.9585731337779022,23.06,2023-06-01,B1
ENSG00000169398,0.605923277652378,0.6622400537172547,,23.06,2023-06-01,B1
ENSG00000169418,0.6846686115280726,0.6211895162962128,0.7792847430719541,23.06,2023-06-01,B1
ENSG00000169429,0.47115774058707033,0.729123401966692,,23.06,2023-06-01,B1
ENSG00000169432,0.907397158814122,0.9369231614023213,0.8436300900243903,23.06,2023-06-01,B1
ENSG00000169676,0.7441542274434142,0.6687238773727832,0.7571880026138008,23.06,2023-06-01,B1
ENSG00000169679,0.5957611469134038,0.607930797611621,0.6789741084771515,23.06,2023-06-01,B1
ENSG00000169710,0.39402307985280194,0.547137717850459,,23.06,2023-06-01,B1
ENSG00000169836,0.7591711836739639,0.8505118718743582,0.5803477098930068,23.06,2023-06-01,B1
ENSG00000169877,0.46550250967590123,0.6123568719214534,0.9457893578560533,23.06,2023-06-01,B1
ENSG00000170017,0.4878635971258313,0.7638959789065485,0.7433252444849044,23.06,2023-06-01,B1
ENSG00000170145,0.31064163895422436,0.44217124826567294,0.8092597432275317,23.06,2023-06-01,B1
ENSG00000170275,0.8029745181741476,0.9220496246433291,0.6953997610716339,23.06,2023-06-01,B1
ENSG00000170777,0.5215320227475505,0.8578805758755674,,23.06,2023-06-01,B1
ENSG00000170801,0.40136218730621054,0.6602103214429059,,23.06,2023-06-01,B1
ENSG00000170989,0.6938022664067541,0.7904100960173693,0.7069632945936033,23.06,2023-06-01,B1
ENSG00000171094,0.9118002754126141,0.8591908989028781,0.7233728627591651,23.06,2023-06-01,B1
ENSG00000171105,0.9170593798081806,0.9664997429751562,0.9562425121612913,23.06,2023-06-01,B1
ENSG00000171132,0.6793536235560951,0.8144038263128592,0.5077265978883048,23.06,2023-06-01,B1
ENSG00000171209,0.18468118316971377,0.29954311198230765,,23.06,2023-06-01,B1
ENSG00000171298,0.9069997275850799,0.9651990196815835,0.742986742466108,23.06,2023-06-01,B1
ENSG00000171421,0.5574708224740395,0.46363614331745795,,23.06,2023-06-01,B1
ENSG00000171509,0.3926933902531646,0.3031806762373831,0.7706121362570565,23.06,2023-06-01,B1
ENSG00000171522,0.5719332946310947,0.7652071154144108,0.635045143889994,23.06,2023-06-01,B1
ENSG00000171608,0.8565767256951987,0.8709597787319845,0.8073897767057323,23.06,2023-06-01,B1
ENSG00000171720,0.7072013458694807,0.5809116510511045,0.7405786955247851,23.06,2023-06-01,B1
ENSG00000171759,0.9157806833101607,0.9744874308506688,0.5461317714240759,23.06,2023-06-01,B1
ENSG00000171766,0.8714388892314231,0.9438222101850394,0.7133380079668391,23.06,2023-06-01,B1
ENSG00000171791,0.8529290841216763,0.9096897284385171,0.8657270412330154,23.06,2023-06-01,B1
ENSG00000171862,0.9324243062277731,0.979798640316689,0.8392623371615362,23.06,2023-06-01,B1
ENSG00000171865,0.7432738952104766,0.8773116888199703,0.26676003399197934,23.06,2023-06-01,B1
ENSG00000172062,0.8883400238261773,0.9698714030594701,0.8389659912126833,23.06,2023-06-01,B1
ENSG00000172175,0.804178934892887,0.8755577198510395,0.6893869327928158,23.06,2023-06-01,B1
ENSG00000172209,0.1944156992526115,0.2941017560777592,0.4984851760268356,23.06,2023-06-01,B1
ENSG00000172269,0.8538762293118836,0.9435585572476348,,23.06,2023-06-01,B1
ENSG00000172572,0.8513843221441469,0.9055638492661198,0.7468199546660828,23.06,2023-06-01,B1
ENSG00000172819,0.6803284062359175,0.49421802080491106,0.883001098904695,23.06,2023-06-01,B1
ENSG00000173153,0.2087661349855803,0.24565811636884197,0.534351330501255,23.06,2023-06-01,B1
ENSG00000173198,0.6904244390107385,0.27694625224529407,,23.06,2023-06-01,B1
ENSG00000173208,0.20817116959091428,0.3031806762373831,0.5593493889496235,23.06,2023-06-01,B1
ENSG00000173262,0.2647113263418424,0.4354300314802512,0.34051723801220923,23.06,2023-06-01,B1
ENSG00000173372,0.707946429452026,0.8474617361644841,0.722881480045585,23.06,2023-06-01,B1
ENSG00000173391,0.3277355588265666,0.5345583357792937,0.28353892400606007,23.06,2023-06-01,B1
ENSG00000173692,0.480646689845332,0.3104837775370464,,23.06,2023-06-01,B1
ENSG00000173726,0.32063028612318695,0.44754745585869304,0.3070658458736298,23.06,2023-06-01,B1
ENSG00000173846,0.46585228706161025,0.30952262378985296,0.7472152173683824,23.06,2023-06-01,B1
ENSG00000174175,0.6063262997177333,0.7551637447661769,0.7158922593302329,23.06,2023-06-01,B1
ENSG00000174437,0.7679951241646502,0.8335993857136256,0.585121536867446,23.06,2023-06-01,B1
ENSG00000174483,0.8537098533875886,0.9338588030095833,0.4785719413754955,23.06,2023-06-01,B1
ENSG00000174876,0.2309874091779386,0.19857851041116215,,23.06,2023-06-01,B1
ENSG00000174953,0.5695304726790813,0.767320027437762,,23.06,2023-06-01,B1
ENSG00000175054,0.837709130559649,0.9070880026943616,0.6808646082086424,23.06,2023-06-01,B1
ENSG00000175164,0.5881192251611582,0.764250213245497,0.5873885006062024,23.06,2023-06-01,B1
ENSG00000175344,0.5209866746333845,0.6742811023568255,0.5995084636519488,23.06,2023-06-01,B1
ENSG00000175868,0.68373441538911,0.6327967885568293,0.7886362610715152,23.06,2023-06-01,B1
ENSG00000176046,0.2067289755814344,0.25693081104471743,0.5895625670892246,23.06,2023-06-01,B1
ENSG00000176095,0.2744231883864694,0.24859634429166216,0.6895531763993953,23.06,2023-06-01,B1
ENSG00000176697,0.6310151015616808,0.9300446447345293,0.7182384583289758,23.06,2023-06-01,B1
ENSG00000176884,0.9134033882753124,0.9565458282433512,0.8096372752967985,23.06,2023-06-01,B1
ENSG00000176890,0.8074585219546547,0.7911419626508291,,23.06,2023-06-01,B1
ENSG00000177191,0.34242301928921565,0.5632598654887919,,23.06,2023-06-01,B1
ENSG00000177272,0.6270699097694006,0.5716366548499178,0.5341019748827744,23.06,2023-06-01,B1
ENSG00000177455,0.8331589727177348,0.8671418167068747,0.8213407256786518,23.06,2023-06-01,B1
ENSG00000177628,0.8820476232087694,0.9743877686312162,0.8808924198449712,23.06,2023-06-01,B1
ENSG00000178075,0.3779832021574749,0.621753666112094,0.5530616295053757,23.06,2023-06-01,B1
ENSG00000178209,0.8580115426584434,0.9408893308629508,0.8497028498747352,23.06,2023-06-01,B1
ENSG00000178394,0.7311822792615096,0.7372711213501211,0.9134514203805308,23.06,2023-06-01,B1
ENSG00000178538,0.7974663999855685,0.8887852779904363,0.6883093742357019,23.06,2023-06-01,B1
ENSG00000178568,0.8895892245504133,0.847610154073625,0.6602046479999794,23.06,2023-06-01,B1
ENSG00000178732,0.44544050007878033,0.6145133802947326,0.5347849017823227,23.06,2023-06-01,B1
ENSG00000179142,0.7782739021049884,0.8786363354490944,0.6470633358307984,23.06,2023-06-01,B1
ENSG00000179348,0.889839608619257,0.9469234219116847,0.8361339476964151,23.06,2023-06-01,B1
ENSG00000179935,0.016287904773551784,,,23.06,2023-06-01,B1
ENSG00000180210,0.8688672373816976,0.9436988352382769,0.8802009454302956,23.06,2023-06-01,B1
ENSG00000180304,0.37647845973945215,0.28647666734461297,0.6662231624230625,23.06,2023-06-01,B1
ENSG00000180432,0.44629950868946777,0.6712028463201495,0.6077953538389119,23.06,2023-06-01,B1
ENSG00000180447,0.6888817747955289,0.7215703877717726,0.6484888446445359,23.06,2023-06-01,B1
ENSG00000180616,0.7097752742337933,0.7539488425262968,0.531981369175935,23.06,2023-06-01,B1
ENSG00000180772,0.42792313277180055,0.607930797611621,0.7403790131380883,23.06,2023-06-01,B1
ENSG00000180871,0.6694135170645794,0.877686843938579,0.7539760408904178,23.06,2023-06-01,B1
ENSG00000180914,0.6909767452245718,0.5146059661138875,0.5484098850725433,23.06,2023-06-01,B1
ENSG00000181019,0.6281889404760497,0.44639204527115417,0.5253848368332955,23.06,2023-06-01,B1
ENSG00000181072,0.7605016155552989,0.8302540705882367,,23.06,2023-06-01,B1
ENSG00000181371,0.30514715381165364,0.2941017560777592,,23.06,2023-06-01,B1
ENSG00000181847,0.4519720226217823,0.2907198155302937,0.5067070974102394,23.06,2023-06-01,B1
ENSG00000182054,0.8911478867253966,0.9549947196932794,0.8796482905425098,23.06,2023-06-01,B1
ENSG00000182134,0.4643329860689723,0.5960382770006023,0.6965369706248999,23.06,2023-06-01,B1
ENSG00000182175,0.5296190506038895,0.8711831226261358,0.3697553319840082,23.06,2023-06-01,B1
ENSG00000182326,0.7525396330420118,0.8347674666114265,,23.06,2023-06-01,B1
ENSG00000182578,0.8805602427166432,0.9387809384290753,0.6164733563543096,23.06,2023-06-01,B1
ENSG00000182580,0.620442029231678,0.5678862599622041,,23.06,2023-06-01,B1
ENSG00000182768,0.47577117728801965,0.2941017560777592,,23.06,2023-06-01,B1
ENSG00000182782,0.3460600037755685,0.568026567206106,,23.06,2023-06-01,B1
ENSG00000183072,0.8931200712033351,0.9664596831322825,0.8630698861241829,23.06,2023-06-01,B1
ENSG00000183625,0.6085470676821186,0.797830493757483,0.5079846597364568,23.06,2023-06-01,B1
ENSG00000183695,0.2619323730456735,0.4299934072843302,0.6384271056908768,23.06,2023-06-01,B1
ENSG00000183765,0.918190530601515,0.9620278691705682,,23.06,2023-06-01,B1
ENSG00000183773,0.3865927847858042,0.3830752842783261,0.5859854505345604,23.06,2023-06-01,B1
ENSG00000183813,0.6601695079270707,0.5403425826620941,0.6306377633806263,23.06,2023-06-01,B1
ENSG00000183840,0.46099339970629377,0.7582991378581238,0.7309459330212793,23.06,2023-06-01,B1
ENSG00000183873,0.9225142554402673,0.9681787832216813,0.9794936376644641,23.06,2023-06-01,B1
ENSG00000184009,0.8591051357085815,0.9283941222389581,0.61814551660702,23.06,2023-06-01,B1
ENSG00000184216,0.47502133203660424,0.547137717850459,0.8473075084148807,23.06,2023-06-01,B1
ENSG00000184254,0.7667349410534589,0.8573612607046128,0.9288618130564171,23.06,2023-06-01,B1
ENSG00000184584,0.7260240502394031,0.8650446096473592,0.6108678681696219,23.06,2023-06-01,B1
ENSG00000184588,0.744811099806039,0.8451252744964723,0.5283356091672643,23.06,2023-06-01,B1
ENSG00000184845,0.7583432565985938,0.5203440524212486,0.7778862521665474,23.06,2023-06-01,B1
ENSG00000184984,0.53316752515331,0.31054174463464185,0.4917636656713405,23.06,2023-06-01,B1
ENSG00000185010,0.9119577592064723,0.9635516847309676,0.6418851317012912,23.06,2023-06-01,B1
ENSG00000185122,0.24464216126947408,0.3014884905346648,0.7392669581958997,23.06,2023-06-01,B1
ENSG00000185201,0.3856231345698005,0.6328009478125753,,23.06,2023-06-01,B1
ENSG00000185291,0.5748566828144509,,,23.06,2023-06-01,B1
ENSG00000185313,0.8257912534854315,0.8212714802291567,0.4465817812669883,23.06,2023-06-01,B1
ENSG00000185386,0.6629535765833351,0.35321312757284185,0.6112744169984851,23.06,2023-06-01,B1
ENSG00000185436,0.4959691711521819,0.642231381577193,0.8108304948328242,23.06,2023-06-01,B1
ENSG00000185483,0.5621403096747238,0.7353566054101522,0.6940640698981931,23.06,2023-06-01,B1
ENSG00000185499,0.7447349857772364,0.8193929252535515,0.5544921964967551,23.06,2023-06-01,B1
ENSG00000185518,0.6087367390594837,0.5021998866192018,0.30360064032724354,23.06,2023-06-01,B1
ENSG00000185624,0.7330842656534207,0.8388643176497618,0.8146649436220575,23.06,2023-06-01,B1
ENSG00000185760,0.797044682346081,0.8748424321212829,,23.06,2023-06-01,B1
ENSG00000185869,0.18328413852146244,0.3014884905346648,,23.06,2023-06-01,B1
ENSG00000186009,0.6274943194366099,0.42233966721196703,0.5483643246517081,23.06,2023-06-01,B1
ENSG00000186038,0.64584757945177,0.4203021505416845,,23.06,2023-06-01,B1
ENSG00000186265,0.35161669339797164,0.5664229893729902,0.6964771822585185,23.06,2023-06-01,B1
ENSG00000186297,0.8044748942120233,0.8270966758648036,0.5690864533280922,23.06,2023-06-01,B1
ENSG00000186716,0.8700606828977492,0.582897720374897,0.4857690826099662,23.06,2023-06-01,B1
ENSG00000186868,0.8635300573126327,0.9589116026973102,0.7177697178400404,23.06,2023-06-01,B1
ENSG00000186951,0.6494909911219107,0.7024381554575998,0.7632171427554556,23.06,2023-06-01,B1
ENSG00000187554,0.4765955371136255,0.7776507418205312,0.6014128692642363,23.06,2023-06-01,B1
ENSG00000187730,0.8168122323554472,0.8780721377122567,0.5823540089286394,23.06,2023-06-01,B1
ENSG00000187733,0.3559546430198923,0.5855183590275933,,23.06,2023-06-01,B1
ENSG00000187764,0.4726965586481998,0.7680457075532396,0.7410743483778767,23.06,2023-06-01,B1
ENSG00000187837,0.2803005645478728,0.3683181327407578,,23.06,2023-06-01,B1
ENSG00000187950,0.34305633073839353,0.37675028722774884,,23.06,2023-06-01,B1
ENSG00000188379,0.26236055091920724,0.29037973078625945,,23.06,2023-06-01,B1
ENSG00000188389,0.6877338155170569,0.607930797611621,0.7780875841714464,23.06,2023-06-01,B1
ENSG00000188404,0.4751559587770922,0.772331828664487,0.7364850510141375,23.06,2023-06-01,B1
ENSG00000188487,0.7266326560748593,0.9562044350173835,,23.06,2023-06-01,B1
ENSG00000188641,0.8353986873280461,0.9067028381442148,0.522237885598283,23.06,2023-06-01,B1
ENSG00000188906,0.8856351827546863,0.9541845301798262,0.6643194709101622,23.06,2023-06-01,B1
ENSG00000189403,0.5520152611548258,0.8652031198102437,0.7635051309623764,23.06,2023-06-01,B1
ENSG00000196083,0.5551562201332326,0.8109082279052414,,23.06,2023-06-01,B1
ENSG00000196136,0.4112759327494555,0.6654157963431746,0.7759514515572025,23.06,2023-06-01,B1
ENSG00000196139,0.39539156521720764,0.6455256550934578,0.6904013963372236,23.06,2023-06-01,B1
ENSG00000196230,0.8595261266224759,0.8782572856249796,,23.06,2023-06-01,B1
ENSG00000196262,0.7543038242557848,0.7090418290898526,0.6037491883731025,23.06,2023-06-01,B1
ENSG00000196277,0.7674717446997602,0.8562128426705943,0.6216917185943578,23.06,2023-06-01,B1
ENSG00000196290,0.18448527304918774,0.29966469814182994,,23.06,2023-06-01,B1
ENSG00000196296,0.7763564122084159,0.8792050741637089,0.5009190550051409,23.06,2023-06-01,B1
ENSG00000196455,0.5553512994161669,0.3113572407177932,,23.06,2023-06-01,B1
ENSG00000196517,0.7892468366252499,0.8589060540748599,0.661789412702003,23.06,2023-06-01,B1
ENSG00000196549,0.8080020587213058,0.8846476119487973,0.856636857402429,23.06,2023-06-01,B1
ENSG00000196639,0.6765739371349437,0.7956943312213386,0.9123728262663012,23.06,2023-06-01,B1
ENSG00000196664,0.7884388847739559,0.7866928486493182,0.6967337009893859,23.06,2023-06-01,B1
ENSG00000196689,0.7171502664870781,0.8295151849903344,0.45515183286718525,23.06,2023-06-01,B1
ENSG00000196743,0.8637406216930016,0.914557862848065,0.596756689945431,23.06,2023-06-01,B1
ENSG00000196975,0.3141931639798951,0.5168238970854354,0.7818538883699957,23.06,2023-06-01,B1
ENSG00000197208,0.5252643639261396,0.7818094550936283,0.7889835609065641,23.06,2023-06-01,B1
ENSG00000197249,0.7996457793008559,0.8950817499961902,,23.06,2023-06-01,B1
ENSG00000197386,0.8002106839108302,0.8522900352191527,0.7669791953502069,23.06,2023-06-01,B1
ENSG00000197405,0.5219843730024324,0.3014884905346648,0.6963285360071165,23.06,2023-06-01,B1
ENSG00000197442,0.4962169844515257,0.8085648803801931,,23.06,2023-06-01,B1
ENSG00000197451,0.5371769959381884,0.700429998883414,,23.06,2023-06-01,B1
ENSG00000197467,0.7564446278003221,0.8691519216428555,0.7180388418721335,23.06,2023-06-01,B1
ENSG00000197594,0.8665992647032988,0.9529450892560304,0.6452364403095457,23.06,2023-06-01,B1
ENSG00000197635,0.684075695975667,0.7855385180037889,0.9375694058293538,23.06,2023-06-01,B1
ENSG00000197766,0.7431980733422905,0.8369074326421605,0.7307065268918701,23.06,2023-06-01,B1
ENSG00000197838,0.2915133536435227,0.30955302032973353,,23.06,2023-06-01,B1
ENSG00000197891,0.7782063333144208,0.9245801198213878,0.8045598319065536,23.06,2023-06-01,B1
ENSG00000198001,0.8371186266792889,0.9127221245218597,0.6009750792188534,23.06,2023-06-01,B1
ENSG00000198033,0.6045064199734295,0.6048293319021828,0.6598936825374744,23.06,2023-06-01,B1
ENSG00000198049,0.6089244331829002,0.3045191432054974,0.6277970091740837,23.06,2023-06-01,B1
ENSG00000198077,0.3695092073499284,0.6078145881103901,,23.06,2023-06-01,B1
ENSG00000198121,0.5404050380007741,0.8765609687276597,0.41261974055933315,23.06,2023-06-01,B1
ENSG00000198223,0.7826688129871713,0.8488338188181209,0.6183856822451158,23.06,2023-06-01,B1
ENSG00000198336,0.7202710892328283,0.8210842738760643,0.620375717611331,23.06,2023-06-01,B1
ENSG00000198400,0.8766329851477463,0.9315209007087439,0.5513353786861677,23.06,2023-06-01,B1
ENSG00000198408,0.2666073522648618,0.43663741440299825,0.4083010997717399,23.06,2023-06-01,B1
ENSG00000198561,0.7181774096915083,0.8240738889776555,,23.06,2023-06-01,B1
ENSG00000198610,0.48071175033393526,0.7907343273650693,0.6567346268780053,23.06,2023-06-01,B1
ENSG00000198670,0.7264860373103553,0.9515806728951517,,23.06,2023-06-01,B1
ENSG00000198734,0.8516198900674777,0.924596216853031,0.6925313443451547,23.06,2023-06-01,B1
ENSG00000198785,0.6762799637753409,0.7907508718326955,0.6249545486414065,23.06,2023-06-01,B1
ENSG00000198788,0.5933175540439962,0.5657798715027368,0.924199140340854,23.06,2023-06-01,B1
ENSG00000198793,0.8856887264059664,0.9243626524185926,0.7132414203162888,23.06,2023-06-01,B1
ENSG00000198851,0.8248771943396376,0.8554119841215913,0.7774006451978575,23.06,2023-06-01,B1
ENSG00000198900,0.7297954714291393,0.8466166929876052,,23.06,2023-06-01,B1
ENSG00000198947,0.8805006687772112,0.9446800748089812,0.9404302858914567,23.06,2023-06-01,B1
ENSG00000203618,0.7908180406662342,0.9249807954788279,0.93312952535037,23.06,2023-06-01,B1
ENSG00000203747,0.6953720692094038,0.7944293041294905,0.5484581106305181,23.06,2023-06-01,B1
ENSG00000203837,0.173094778162995,0.2847277664547228,,23.06,2023-06-01,B1
ENSG00000204264,0.8341289969311901,0.9006801361502622,0.769463920975339,23.06,2023-06-01,B1
ENSG00000204345,0.28882985927462995,0.47510318675967134,0.6178225669739913,23.06,2023-06-01,B1
ENSG00000204348,0.1917626002908276,0.2521317799070121,,23.06,2023-06-01,B1
ENSG00000204681,0.7619398044690606,0.689829413354061,0.7374019682323182,23.06,2023-06-01,B1
ENSG00000204842,0.6712381716985197,0.7479700337747027,0.5346115699481658,23.06,2023-06-01,B1
ENSG00000204882,0.5718147942314017,0.7922227596619197,,23.06,2023-06-01,B1
ENSG00000205155,0.7556345344866452,0.8882139955159852,,23.06,2023-06-01,B1
ENSG00000205403,0.8596755626987098,0.9534763800094915,0.6597120448117886,23.06,2023-06-01,B1
ENSG00000205542,0.6042983520225882,,0.534555700166404,23.06,2023-06-01,B1
ENSG00000205560,0.4255470165592159,0.2858508000886488,,23.06,2023-06-01,B1
ENSG00000205571,0.868504681593359,0.9410279659363041,0.8389659912126833,23.06,2023-06-01,B1
ENSG00000211445,0.29771100242630794,0.44610149837101726,0.9226533698623837,23.06,2023-06-01,B1
ENSG00000211623,0.012337886636755224,,,23.06,2023-06-01,B1
ENSG00000211677,0.6122427296097458,,0.6675838015064248,23.06,2023-06-01,B1
ENSG00000211896,0.6114089603335693,0.7599134970145264,0.7012137604333798,23.06,2023-06-01,B1
ENSG00000212126,0.3914490212902252,0.3014884905346648,,23.06,2023-06-01,B1
ENSG00000213380,0.7988482027330671,0.8757595643769263,0.4861445275350831,23.06,2023-06-01,B1
ENSG00000213453,0.08825996406915647,,,23.06,2023-06-01,B1
ENSG00000213763,0.004764910937593265,,,23.06,2023-06-01,B1
ENSG00000213903,0.31818213494759096,0.26059149365655176,0.8632165594970254,23.06,2023-06-01,B1
ENSG00000215644,0.7524553323801484,0.7509404384417788,0.6648358359054957,23.06,2023-06-01,B1
ENSG00000215866,0.04086834565317582,,,23.06,2023-06-01,B1
ENSG00000221829,0.8447561437958889,0.9152555673174322,0.6468581950229646,23.06,2023-06-01,B1
ENSG00000221867,0.3352563323677775,0.3044471987324073,,23.06,2023-06-01,B1
ENSG00000221978,0.20406866148973585,0.2638322874087077,,23.06,2023-06-01,B1
ENSG00000222028,0.47121246682372137,0.38289531033318697,0.6492689209971609,23.06,2023-06-01,B1
ENSG00000226549,0.021938670818366875,,,23.06,2023-06-01,B1
ENSG00000226763,0.4619748183558772,0.3083590514109333,,23.06,2023-06-01,B1
ENSG00000228476,0.09057231902115538,,,23.06,2023-06-01,B1
ENSG00000228716,0.8735361145680246,0.9033632077211442,0.6598946277765666,23.06,2023-06-01,B1
ENSG00000229152,0.02103876378168754,,,23.06,2023-06-01,B1
ENSG00000230257,0.024715698433174445,,,23.06,2023-06-01,B1
ENSG00000231256,0.3385817690075706,0.5569413004535343,0.7976319823431588,23.06,2023-06-01,B1
ENSG00000232810,0.722455284879634,0.607930797611621,0.9217262148965848,23.06,2023-06-01,B1
ENSG00000234066,0.10531778884389525,,,23.06,2023-06-01,B1
ENSG00000234438,0.7541804713964918,0.8180274324327528,0.6378312383983544,23.06,2023-06-01,B1
ENSG00000234906,0.7784305839500691,0.8772056951562027,0.6984470111531297,23.06,2023-06-01,B1
ENSG00000236663,0.02734890924666793,,,23.06,2023-06-01,B1
ENSG00000237801,0.0036957985468470183,,,23.06,2023-06-01,B1
ENSG00000239205,0.04849023509600894,,,23.06,2023-06-01,B1
ENSG00000239732,0.6521082023622709,0.42555155832813474,0.8891127059197003,23.06,2023-06-01,B1
ENSG00000239961,0.3748295783684104,0.6159582636459076,0.6561836263264206,23.06,2023-06-01,B1
ENSG00000240403,0.24663650548034585,0.3945360387174877,,23.06,2023-06-01,B1
ENSG00000240520,0.07957134303340228,,0.6128419218403249,23.06,2023-06-01,B1
ENSG00000241878,0.7063148859580186,0.7910552191795409,0.7055948802479279,23.06,2023-06-01,B1
ENSG00000243364,0.3996639975614561,0.5259335426092797,0.5051559744140037,23.06,2023-06-01,B1
ENSG00000248098,0.8458144035911032,0.9187699178100271,0.5265951259107687,23.06,2023-06-01,B1
ENSG00000248131,0.044738966168228964,,,23.06,2023-06-01,B1
ENSG00000249026,0.05489041066205489,,,23.06,2023-06-01,B1
ENSG00000251287,0.2016485698679203,0.3018073880249722,0.5761686348792187,23.06,2023-06-01,B1
ENSG00000253937,0.004434958256216421,,,23.06,2023-06-01,B1
ENSG00000254126,0.09579657861416324,,0.7878904884447329,23.06,2023-06-01,B1
ENSG00000254772,0.5265234461843946,0.29954311198230765,,23.06,2023-06-01,B1
ENSG00000257335,0.669020303742159,0.4557767969235497,0.5018183682287719,23.06,2023-06-01,B1
ENSG00000257569,0.059604780344003995,,,23.06,2023-06-01,B1
ENSG00000257949,0.36214917361352833,0.26554754979007616,,23.06,2023-06-01,B1
ENSG00000258590,0.008980379824555271,,,23.06,2023-06-01,B1
ENSG00000258839,0.7786076427293868,0.9414245952322514,0.8942456809593546,23.06,2023-06-01,B1
ENSG00000258947,0.879230966888671,0.926690748949758,0.6840137569816499,23.06,2023-06-01,B1
ENSG00000259207,0.8317802907468326,0.9013878230897189,0.9402719349514487,23.06,2023-06-01,B1
ENSG00000261189,0.11755078424602816,,,23.06,2023-06-01,B1
ENSG00000261652,0.30770571080577586,0.30158649820778755,0.7811227525030844,23.06,2023-06-01,B1
ENSG00000267200,0.00406537840153172,,,23.06,2023-06-01,B1
ENSG00000268089,0.6726329155746943,0.2774325968833834,,23.06,2023-06-01,B1
ENSG00000269096,0.14056864690564838,0.19757750922377684,0.6774690619813916,23.06,2023-06-01,B1
ENSG00000273079,0.8710210932530881,0.9008016573245352,0.5671747282087429,23.06,2023-06-01,B1
ENSG00000275385,0.27826937202631813,0.4280707771731593,0.6936351586367192,23.06,2023-06-01,B1
ENSG00000277161,0.6645103322164213,0.8023947864783115,,23.06,2023-06-01,B1
ENSG00000277443,0.4972956910722684,0.7016647715302219,0.47241565710146677,23.06,2023-06-01,B1
ENSG00000277893,0.8749185875953625,0.9288560463461393,0.585847711388379,23.06,2023-06-01,B1
ENSG00000278705,0.5535843376347327,0.21875312354148715,0.5615805734545489,23.06,2023-06-01,B1
ENSG00000282608,0.674147559277293,0.24317231904464845,0.6617242673735232,23.06,2023-06-01,B1
ENSG00000283751,0.03130402965821872,,,23.06,2023-06-01,B1
ENSG00000291190,0.004434958256216421,,,23.06,2023-06-01,B1
ENSG00000291237,0.5886435660762211,0.5623359877907494,0.5801694050686637,23.06,2023-06-01,B1
